Peptide,Length,Avg dist,Stddev,Confidence
Peptide,Length,Average,Standard Deviation,Confidence
AAA,9.284443654,5.137760671,8.036328456,-2
AAC,9.662087281,15.50001992,4.505460807,-1.75
AAF,9.826820826,12.44202867,6.98559998,-1.77
AAI,9.889009064,14.8050007,5.868168779,-2.29
AAN,9.797304325,4.321632202,4.390878148,-1.83
AAS,9.780070925,2.785524162,2.494484506,-1.9
AAT,9.824898878,3.159353437,3.873745044,-1.98
AAV,9.998919395,13.46657573,3.509794337,-1.98
ACD,9.972109152,5.255429686,4.701906691,-1.66
ACG,9.949896345,4.161888796,4.119185197,-1.26
ACS,9.97797078,4.127674944,6.193775474,-1.56
ACY,13.39563677,12.22633937,5.803415584,-1.32
ADA,9.646021423,3.46279157,1.9534148,-1.85
ADG,9.492689723,2.676564303,2.561559501,-1.86
ADM,9.941239058,22.2610158,7.172079489,-2.48
ADS,9.873460116,5.852559811,2.243931364,-1.79
AEA,9.89562958,16.1382031,4.00611894,-1.38
AEG,9.521961835,5.15051082,7.277059374,-1.41
AEM,13.31781512,11.26171539,6.994308091,-2.78
AET,9.823626394,5.540112621,2.340139218,-1.85
AEY,14.02797554,13.97187992,7.16940191,-1.56
AFC,9.94232182,17.40512437,7.155655505,-2.61
AFD,9.802888934,10.66132849,7.07700615,-2.09
AFE,12.27582293,10.62950848,6.267579842,-2.08
AFH,9.945507341,11.0304989,6.96710879,-3.07
AFL,9.951183719,18.61664387,6.721078781,-2.18
AFP,9.756371265,305768.6023,1367354.257,-2.02
AFS,9.98889649,10.57633874,8.78050839,-2.69
AFT,9.957630349,10.39271227,8.818304453,-2.41
AGA,9.937658868,30.65546219,9.941777534,-1.18
AGC,9.881857494,7.584182513,9.246584567,-2.36
AGG,8.619200096,2.691198447,1.275830847,-1.69
AGL,8.904907978,12.65161761,8.346172102,-2.54
AGP,9.763127393,10.24094786,5.700094235,-1.8
AGS,9.958336528,6.582340493,8.599772582,-2.09
AGW,9.827434333,6.368579977,1.76823524,-2.67
AGY,12.24649784,10.09109549,7.419187584,-1.84
AHA,9.568207358,23.35857338,13.96706482,-2.05
AHK,14.04769025,10.80908226,6.936546286,-2.02
AHM,13.05925807,12.28953531,10.71241812,-2.69
AHN,11.32702015,10.72048999,8.390616797,-2.23
AHQ,12.50502215,12.02312298,7.282277552,-1.94
AHR,15.05816651,14.16420127,6.751221193,-2.28
AHV,9.926003799,11.75795556,6.426917012,-1.48
AHW,9.754702077,13.62744999,6.185997608,-2.89
AIA,9.63441802,13.80460495,5.607726827,-2.05
AIC,9.662011843,18.71906893,6.450236463,-2.15
AIF,9.681052587,18.29821179,7.59578727,-2.49
AIG,9.49579987,9.475819136,7.620959236,-2.38
AIH,9.61540777,14.74076385,5.2537632,-3.17
AIL,9.917552322,20.29741482,6.644769301,-2.04
AIM,9.989267594,11.01155482,6.500196861,-1.56
AIP,9.839966421,15.84883821,7.743536476,-1.33
AIS,9.926840787,5.703835437,7.837236953,-2.47
AIT,9.682840595,8.344846522,7.345297277,-2.66
AIV,9.7387466,8.201832809,4.754239295,-2.54
AKD,12.33503471,10.68879169,4.814355358,-1.41
AKH,13.60623908,12.22382951,9.687262737,-2.17
AKK,12.51105573,11.39221525,6.962026469,-2.14
AKQ,12.26490077,11.0979523,6.386433295,-2.21
AKR,13.07232346,10.00340914,5.213991256,-2.11
ALA,9.764979494,12.07993724,8.871027887,-2.54
ALC,9.745465076,40.86599235,44.92000446,-2.36
ALG,9.353772443,17.14819395,6.298014636,-1.33
ALH,11.00673138,10.12166372,8.812765485,-2.61
ALI,9.931888879,15.47686452,12.34441197,-2.72
ALL,9.70506444,6.782284826,6.213455626,-2.95
ALS,9.606431609,12.4217397,6.328923586,-2.53
ALT,9.679163604,12.9525963,5.347195791,-2.58
ALV,9.418874974,12.05944099,8.625762225,-2.33
AME,13.17106864,11.1962115,6.800751429,-1.91
AMM,11.73270182,10.63060064,6.831500807,-2.61
AMN,11.74813101,10.49442676,7.716628001,-2.57
AMP,9.994062634,20.73854956,5.467795334,-2.3
AMV,9.61811459,18.43045381,6.427925685,-1.97
AMY,15.01138825,11.28564509,5.666639698,-2.97
ANA,9.735656047,5.349203354,4.543212225,-2.56
ANC,9.887040549,8.409616217,7.334858874,-1.66
ANG,9.627865376,13.93356533,5.989871062,-1.51
ANT,9.812477916,5.14986892,5.592604567,-1.97
ANV,9.454556063,15.86285865,5.966976992,-2.15
APA,9.961167456,17.26595643,6.610276379,-0.98
APC,9.696850599,8.403218426,9.066390547,-1.57
APD,9.89439994,4.848104182,7.162693564,-1.78
APF,9.849857624,22.12887241,5.785311481,-1.97
APG,9.075800466,15.0101525,8.853506545,-1.76
API,9.849953061,16.04324152,6.821300968,-2.1
APL,9.678069164,13.87424243,6.515958738,-1.23
APN,9.67997193,21.99316966,7.771363236,-1.75
APP,9.556005024,20.33745763,7.034339532,-1.55
APS,9.674744895,18.24149857,7.739493083,-1.03
APT,9.636443307,13.3626196,9.438310348,-1.69
APV,9.627859497,17.34837914,6.683475523,-2.48
APW,9.949047919,7.40170093,5.716939005,-2.76
AQA,9.554378425,8.438724552,9.427636791,-1.55
AQD,9.57373833,13.06987093,6.084815545,-2.28
AQM,13.06987619,12.21473441,9.768980948,-1.94
AQN,11.38853812,10.78776621,5.126004338,-2.11
AQP,9.646015068,101.6462616,352.5242463,-1.3
AQR,14.01683513,12.14771966,7.758124623,-2.06
ARD,11.66850066,10.20218793,7.974659211,-1.52
ARE,13.22021459,13.21732676,9.354679718,-1.73
ARF,12.22359554,10.57433218,7.22554724,-2.43
ARR,15.2696395,11.28563859,4.935959834,-1.73
ASA,9.468157026,6.558697581,4.37379499,-1.8
ASF,9.410865474,12.86315967,5.378969902,-3.01
ASG,9.905024436,34.9139347,8.419228363,-1.22
ASM,9.996602039,9.947127804,6.767637417,-2.61
ASV,9.853741426,6.146532438,7.632926223,-1.84
ATC,9.390550021,6.298298182,6.730447224,-1.67
ATG,10.08202317,1.557875169,1.069176154,-2.39
ATL,9.847297563,10.83453304,5.542063576,-3.25
ATM,9.929614084,2471.497256,10994.84295,-2.46
ATR,14.70331606,10.85300249,6.99780619,-1.23
ATS,9.751922904,18.57189146,6.433019649,-2.2
ATY,13.47173828,12.32951669,6.6838162,-1.22
AVA,9.720711732,14.15333367,5.102930786,-1.8
AVH,9.991407764,21.37040767,7.653561201,-1.93
AVK,11.73421076,11.27512227,7.454377678,-2.96
AVL,9.951146286,11.54130973,9.058865766,-1.73
AVN,9.959472081,7.047700701,6.155593879,-1.77
AVP,9.91113971,12.26473443,9.700254036,-1.43
AVT,9.864304248,7.167246011,4.352819779,-1.81
AYA,9.962803113,25.51735744,13.52606911,-1.03
AYC,11.15055445,10.26871757,7.286428697,-1.58
AYE,13.66537465,11.13314331,10.28520112,-2.1
CAA,9.715611895,3.567843582,2.473924999,-1.25
CAK,13.66783326,12.83323675,4.514948947,-2.47
CAL,9.761192633,10.83026312,5.294099831,-2.69
CAN,9.482932264,4.70803527,4.074991262,-1.68
CAV,8.178502799,22.18345925,7.033074162,-2.57
CAW,12.30704371,11.90493244,6.614085086,-2.67
CAY,13.01735431,11.41829714,6.901924542,-1.3
CCC,11.85793177,11.51665502,6.489193835,-1.93
CCK,13.44081998,10.9158451,8.334561217,-2.04
CDC,9.896828412,5.644113167,6.528958869,-1.99
CDT,10.70125039,10.58112608,8.537936645,-2.06
CDY,14.77588857,13.11564217,6.295306158,-1.56
CEA,9.988187514,6.106561377,6.77071473,-1.62
CEF,11.82531565,11.6879119,5.926652336,-2.24
CEI,9.745191546,11.53500034,6.271785037,-2.12
CEK,13.25429048,10.2686275,8.10994678,-2.35
CEV,10.98487167,10.17977473,6.871309028,-1.87
CEY,14.33717449,11.82440172,7.03453719,-1.28
CFD,9.910955951,10.26217601,8.920638067,-2.17
CFH,11.26134623,10.77749783,8.830219169,-3.27
CFI,9.779971246,15.67985381,7.704232315,-2.59
CFM,13.02499875,11.82192287,5.099361599,-1.51
CFR,13.83642292,11.70108566,4.386513873,-2.92
CFT,11.13662866,10.33317656,6.846867538,-2.84
CGA,10.11315249,10.04228545,6.059492016,-1.24
CGG,9.86648033,4.921708715,6.89448464,-1.49
CGK,13.03353061,12.31533638,8.244882573,-1.78
CGP,9.848774493,18.80364077,7.349183595,-1.43
CGQ,13.46439587,12.42557692,6.429742455,-1.94
CHG,9.903462698,6.939756026,5.403271202,-1.82
CHK,12.5864876,11.06830875,8.146349764,-1.94
CHP,11.57892056,11.04023472,6.0082829,-0.99
CHR,13.57114842,12.73722634,6.762351878,-1.59
CHV,9.425987521,13.21367571,7.47764086,-1.71
CHW,12.05371257,11.28366739,5.052374264,-2.16
CHY,10.93627953,10.92262091,6.29583927,-2.16
CIA,9.86230389,8.321290895,8.361832283,-1.49
CIK,13.30430753,10.72672256,5.137512572,-2.12
CKG,11.98379372,10.67650249,6.110727966,-1.46
CKL,12.37960226,11.76803115,14.89192506,-2.28
CKM,14.52546835,12.4941955,6.791679156,-1.66
CKN,12.53355527,12.5192084,7.386946788,-1.49
CKP,11.04065544,10.07537817,5.969609382,-1.51
CKY,15.43785514,10.33411373,7.895469631,-1.72
CLA,9.776503329,6.139033627,6.355297593,-1.46
CLG,11.86022002,10.338546,9.789582343,-1.42
CLN,11.25002859,10.31678362,9.723191,-2.09
CMF,12.16368056,10.38797602,7.82216177,-2.91
CMG,11.12303323,10.16170362,9.298416744,-1.73
CMK,12.66275984,12.46462546,9.983905827,-2.77
CML,11.01115854,10.60608837,7.294720161,-2.68
CMS,10.47685752,10.20183879,6.43021466,-1.78
CMW,12.7806461,12.15054358,5.193547212,-2.32
CMY,13.5923243,10.71547608,7.864149837,-2.35
CNA,9.728536362,8.45100644,8.49900621,-1.52
CNL,11.78572601,11.40850064,7.362059062,-2.67
CNY,14.01613836,12.5899342,8.134277025,-1.1
CPA,9.653249194,9.335872487,10.59612579,-1.9
CPE,9.808555191,16.67880155,5.987451826,-1.73
CPP,9.566121052,10.63760802,6.903326213,-2.06
CPQ,9.668992881,24.10132174,8.451184796,-1.88
CPS,10.29398687,10.04973014,9.086610664,-1.39
CPW,9.638022828,7.511112343,2.414846532,-2.96
CPY,11.46238412,10.09896159,7.795034655,-1.91
CQH,11.70954282,10.87162977,11.00590982,-1.77
CRA,11.42270374,11.2926486,6.0720712,-1.31
CRD,13.2108984,12.34343718,6.796958943,-2.29
CRE,13.21956586,11.48380331,7.819124947,-1.76
CRS,13.27397225,11.6951529,7.795588867,-1.41
CRY,13.94445705,10.07396844,5.663574179,-2.14
CSA,9.857211091,3.201269833,3.62828241,-1.6
CSF,9.773761531,21.2224445,6.684537998,-1.9
CSG,9.880250631,14.72139032,5.406279219,-1.12
CSL,9.735296585,9.050970829,9.259898112,-1.78
CSP,9.839809357,13.96170524,5.95002918,-2
CSW,9.963241969,7.475213899,5.410329063,-2.49
CSY,14.39749926,11.79832191,6.11806323,-1.89
CTF,13.73397689,10.34164365,7.737207952,-2.59
CTN,11.32742164,10.65589241,4.509660762,-1.45
CTQ,12.14705499,11.21264505,3.633047988,-1.38
CTR,12.57745001,10.58490653,6.649916902,-2.46
CTY,13.84273943,11.06507767,5.982185364,-1.88
CVL,10.3959341,10.24523699,8.090751611,-3.01
CVW,14.14667939,10.14622122,3.812580606,-2.59
CVY,13.53077574,11.07924875,6.677248086,-1.74
CWC,12.14244005,10.42594466,6.30469871,-1.83
CWH,13.11238676,10.38057402,4.677618077,-1.97
CWK,14.14962385,12.35527393,25.86145135,-3.08
CYD,12.59751468,11.15333856,7.221668821,-1.63
CYF,12.5016797,10.2692771,6.195678425,-2.52
DAF,13.38087618,12.36977596,6.662328843,-1.18
DAR,11.8578688,10.54145007,7.709249837,-1.57
DAW,14.95542456,14.46439486,8.138162702,-2.64
DCL,10.87181699,10.40518073,10.55774411,-2.71
DDE,11.97136235,10.8733303,6.84402284,-1.66
DDF,14.72310053,13.215126,8.142371645,-2.82
DDG,11.06131565,10.43936344,5.416258941,-1.72
DDQ,11.64610613,10.55428234,9.851898047,-1.62
DDR,12.87165096,11.64717818,6.714472747,-1.98
DDW,13.51101783,11.63520137,8.091187766,-1.68
DEF,12.58904235,11.91424758,5.114181549,-2.45
DEK,13.65303316,10.58686478,10.60235535,-2.15
DEQ,11.35268487,10.9067081,8.718563494,-1.92
DER,14.63861345,12.33625587,6.307727284,-1.47
DFE,11.8749984,11.23208935,7.204850347,-2.76
DFQ,14.59365382,10.02990468,8.49416655,-1.21
DFT,11.92327695,11.45145593,6.495591134,-1.52
DFY,14.73102312,12.40079474,8.709807961,-1.74
DGH,9.216013211,29.35720501,11.96491294,-1.9
DGK,15.91323938,11.79271452,7.061732705,-2.38
DGP,11.04423633,10.99993049,5.517836221,-1.64
DGV,12.58485649,10.52686444,8.757574998,-2.13
DHF,12.91398028,11.87268425,6.670427816,-2.75
DHM,12.9999291,11.64690492,5.367504616,-2.06
DHY,13.99366248,13.84545019,12.65557944,-1.73
DID,11.54814717,11.1728179,4.958078585,-1.59
DIG,9.960089945,7.134444991,7.595315029,-2.41
DIK,13.27762695,10.67708158,5.842917147,-2.25
DIQ,12.46107405,10.96353633,6.792011289,-1.77
DIY,13.31088988,11.73150698,5.298677654,-2.48
DKD,12.98912682,10.90108791,10.45365745,-1.64
DKF,13.11079607,10.04330454,6.662737503,-1.45
DKK,13.78072576,11.084062,7.671091792,-1.55
DKP,11.9583819,10.61260305,8.555960949,-1.52
DKQ,13.159426,10.87988645,5.139997501,-1.48
DKV,12.91161634,10.44980107,6.115891573,-1.77
DKY,13.30613958,11.94511973,7.22177511,-2.2
DLE,11.82363631,11.29223661,7.165753692,-2.17
DLK,14.89965286,11.21726366,5.806213698,-2.71
DLS,12.85530099,12.20119784,7.963215457,-2.19
DMC,11.35034232,11.19370202,7.814565962,-2.42
DMF,12.67613362,10.25965865,7.090511645,-2.78
DMG,11.8895837,10.78500541,8.103832736,-2.34
DMH,10.96280812,10.86307482,9.66780021,-1.98
DMN,12.77228021,10.18432312,8.243108399,-1.83
DMY,13.40972178,10.42035602,8.116070489,-2.38
DNE,12.80029747,10.66552207,3.752803753,-2.1
DNM,13.45208554,10.65539814,6.383071666,-2.34
DNV,11.86924544,10.70069298,7.211320957,-2.45
DNW,10.57443286,10.31261387,5.184339519,-2.69
DPD,11.62724242,10.62768285,7.370877235,-2.04
DPI,11.20279949,11.18244951,5.946670451,-2.27
DPQ,9.504047941,17.70440659,6.257480766,-1.42
DRA,14.19765178,10.13365753,8.580337286,-1.77
DRG,12.88100128,10.87968898,6.564930466,-1.71
DRL,12.8260049,10.84361911,5.62465065,-2.45
DRP,13.91964106,11.01806279,7.543889166,-2.06
DRR,17.39608134,17.08239717,4.420331716,-1.76
DRS,12.79527012,11.61748167,8.929453266,-1.67
DRT,12.72684085,12.38973555,6.267607044,-2.05
DSI,11.28792863,10.56559302,6.156031225,-2.67
DSK,13.2052791,10.69725765,4.374782413,-1.74
DSR,11.83221183,10.63963998,6.786609382,-2.09
DTR,11.82251847,11.08513052,6.124893061,-1.61
DTW,14.55315945,11.89054279,5.784426137,-2.65
DVA,9.506807248,4.589945391,2.930415864,-2.13
DVS,11.05822754,10.48574962,8.267175172,-1.98
DVW,12.74586383,10.06390604,6.658194636,-1.9
DWD,12.69434156,12.51770296,5.067414416,-2.49
DWK,16.22211075,11.31836202,17.60912688,-2.49
DWT,12.50675511,11.39762268,8.119181119,-2.65
DYH,14.2165825,14.1681298,11.58890722,-2.56
DYI,11.92806712,11.7482073,7.887588979,-2.9
DYK,13.41046203,11.18659562,7.161307919,-2.18
DYN,13.4256353,12.41078545,7.705123007,-1.47
DYQ,13.24204789,11.92270057,7.827084681,-1.95
DYS,11.95101849,10.27982501,10.55877954,-1.68
DYT,13.64695442,10.16847686,6.285782695,-1.93
EAA,9.210341888,29.73479899,9.996860851,-1.82
EAG,9.900844759,6.871022149,8.607820259,-2.02
EAM,12.19355757,11.64324656,7.679584734,-3.19
EAT,11.22409295,10.66843774,5.625548375,-2.09
ECD,13.2320538,11.75588531,3.403262407,-2.17
ECK,13.14911417,11.63961789,5.617453676,-2.15
ECL,13.42530098,13.32940891,8.007372856,-2.36
ECQ,13.31358475,11.12474326,7.681909603,-1.57
ECY,13.51672069,11.13526766,6.813339318,-1.96
EDH,11.68993437,11.61889657,9.501324975,-2.1
EDM,14.01009136,11.84906318,3.758980197,-2.37
EDV,9.932469418,11.23221758,8.058037812,-1.65
EDY,14.70610375,13.89410816,6.372723785,-1.71
EEH,12.5543124,11.00102233,10.47509812,-1.71
EEI,13.40590555,10.43501384,10.1710496,-2.57
EEK,14.19412565,13.52669734,8.343127534,-1.62
EEP,12.84437671,12.52985107,6.945260217,-1.38
EEQ,12.53645085,10.07581488,6.507711323,-2.43
EER,12.49914293,12.22613814,6.552811464,-2.45
EFA,12.21084075,11.45238817,7.500559187,-2.86
EFE,13.71264552,10.86370067,8.258660405,-2.5
EFS,12.64643863,12.60731332,9.524584469,-2.58
EFV,12.17678829,10.88830129,7.842803587,-3.07
EGH,12.93181248,11.23823638,8.440860198,-1.26
EGM,14.71099919,13.98100318,7.268078679,-2.35
EHI,12.92212305,11.44594945,7.414649386,-2.46
EHK,13.83258912,11.75308851,4.29660431,-1.58
EHL,12.3020916,11.77542785,6.958490453,-2.27
EHM,13.49747875,10.46067856,8.450915363,-2.44
EHV,13.22973655,11.18370326,6.42949534,-2.53
EIC,11.77398099,10.18816508,6.975047173,-1.58
EIG,10.85113365,10.46804091,7.749237109,-2.03
EIK,13.59112172,10.07784803,6.516764311,-2.35
EIL,12.17872287,11.30109143,7.21919649,-1.95
EIM,12.87363596,11.71051197,4.714528184,-2.1
EIP,9.829392613,25.31016896,6.97580463,-2.48
EIQ,11.26425411,10.23836282,7.167026906,-2.34
EIS,11.99940474,11.09868245,6.102202746,-2.08
EKC,13.68506501,13.20965853,7.314925161,-1.5
EKD,13.51740789,11.39612054,8.56833204,-1.93
EKE,13.8537621,10.39780398,5.645643021,-1.63
EKG,13.48194339,11.42086237,6.339876604,-1.63
EKH,14.32565715,10.9305061,6.0790099,-2.32
EKK,13.82619279,10.69392342,6.95830379,-2.15
EKN,12.68671508,11.71259253,6.393173614,-1.79
EKQ,13.87160038,12.19219431,6.85013883,-1.93
EKR,13.7935957,11.55199945,6.525276967,-2.35
EKS,13.14964297,11.23365503,8.733108715,-1.76
EKY,13.13207089,11.79535773,6.065549459,-2.05
ELD,12.23150159,10.81597901,7.779834531,-2.67
ELE,13.16377161,11.5528681,6.800157409,-2.36
ELH,11.47524234,10.4509496,8.247436378,-2.17
ELL,11.65987516,10.11976239,7.398794173,-2.66
ELM,11.69193771,10.25720113,7.283647309,-3.1
ELP,11.36343553,11.17251798,7.052365225,-2.38
ELQ,11.48782896,10.75893276,6.615496201,-2.67
ELS,13.27647201,10.70876943,9.151878724,-2.68
ELV,11.33416808,10.35446339,7.328379791,-2.41
ELY,13.15806731,12.71694962,7.980167595,-2.48
EMA,13.46909166,13.13957237,9.866841018,-2.75
EMH,12.72639281,12.1363293,9.219250377,-2.58
EMR,13.38034743,10.74013946,6.364008224,-2.33
ENL,11.4051135,10.16872897,7.457876728,-2.78
ENV,13.34352237,12.91322375,5.543698129,-1.92
EPC,8.281017776,19.95516844,6.614616309,-1.44
EPE,13.15896935,12.11923722,7.174640337,-1.97
EPK,11.65049507,10.56912525,7.415679526,-1.58
EPY,14.75521178,12.74606555,7.822446902,-2.96
EQC,12.1809606,11.5572868,4.936169398,-2.03
EQE,11.47714444,10.47287392,3.317805419,-2.04
EQG,12.31818614,10.6312035,4.585164316,-1.59
EQK,13.60928591,13.33505889,7.143053244,-2.27
EQV,11.83771203,10.34686723,4.844047357,-1.92
EQY,13.56795251,12.03260911,6.488756273,-2.67
ERC,13.06769805,12.9537855,6.32808232,-1.73
ERP,13.46343083,10.73298713,6.860680158,-1.9
ERS,14.5692056,10.54306645,6.761754943,-1.95
ESI,11.59005931,10.74065292,8.811389341,-2.28
ESR,12.6647952,12.59966788,10.10513703,-1.9
ESS,9.687731929,35.04240679,8.891289261,-1.92
ETD,14.65050637,13.85106713,4.925798306,-2.06
ETK,14.1086509,11.96436745,6.983820732,-2.25
ETL,14.20534095,13.92546264,6.59913168,-3.01
ETM,12.85645122,10.52173505,6.199884568,-2.61
ETY,15.4032125,11.70285939,4.574517174,-1.6
EVF,12.13525477,11.60971934,5.218678896,-2.95
EVL,10.5691148,10.35227558,7.588635314,-3.1
EVQ,11.89831417,10.1896821,5.550218766,-1.91
EVT,12.5243993,11.11133979,9.079468356,-2.17
EWK,14.60639805,10.59530719,5.906869881,-3.15
EYA,13.8694497,13.78593313,7.086368875,-1.29
EYC,13.09754935,11.41399343,7.540929861,-1.78
EYD,13.68194663,12.31378234,8.617076041,-1.49
EYE,14.29330989,13.96991335,7.131149684,-1.65
EYF,14.87921549,13.33184101,21.13629561,-2.2
EYK,13.9569638,11.27611813,9.29511135,-1.44
EYM,14.66758963,11.94656844,7.365014399,-3.28
EYN,14.00559054,11.39046276,8.448550514,-2.07
EYP,14.35977163,13.56982392,6.035910297,-2.02
EYT,13.70263039,12.1103234,8.46778031,-2.11
EYY,13.42393505,11.82396781,7.397102967,-2.87
FAA,11.9420584,11.60808927,7.728197302,-1.69
FAD,12.89133908,12.73351839,8.478167601,-2.19
FAE,15.4252386,11.14846334,7.995947083,-2.28
FAG,13.18157505,11.35205164,8.090961093,-2.06
FAL,9.897722147,22.27824368,8.671821799,-2.49
FAP,12.51641845,12.44828886,6.749870423,-2.08
FAR,14.05476054,11.94286131,6.503355219,-3
FAS,11.9432823,11.59867509,10.07457027,-1.53
FCK,16.06034362,12.49021015,7.224680198,-1.96
FCN,13.22329261,10.74382749,7.848695128,-2.42
FCV,13.29408143,12.32780837,7.975643527,-1.97
FCY,16.64187316,13.117067,7.579653946,-2.83
FDE,12.42296373,11.88043952,7.919756083,-2.58
FDI,13.09420327,12.14981868,8.082786238,-1.88
FDK,14.49201486,13.12734567,7.998983513,-1.99
FDN,13.51195688,11.8034926,10.20659123,-2.03
FDY,15.73281785,12.2336062,5.917977415,-2.23
FEC,13.34157671,12.54636099,8.229379093,-2.62
FEQ,13.87297006,11.6617957,10.14222527,-2.43
FEY,15.03846492,10.20578896,9.061438269,-2.22
FFD,13.62774933,11.3988728,8.314060546,-2.55
FFH,13.46935649,10.72879217,10.16170318,-1.9
FFM,13.6622872,10.55121825,9.230820428,-3.15
FFW,14.54882279,10.62097913,6.607080473,-2.87
FGD,13.76269066,11.90914781,9.444620349,-2.3
FGG,8.9109784,11.19674876,8.592711999,-1.83
FGI,13.83975312,11.41089586,4.006403369,-2.13
FGS,13.71971469,12.68248311,6.529679734,-2.16
FGT,14.54367628,10.67771812,7.823846139,-2.44
FHA,12.63264189,10.57374578,7.891328993,-1.8
FHD,13.19364924,12.03345268,10.45408424,-1.83
FHE,12.97071603,11.12617831,7.599432948,-1.71
FHF,13.01622438,12.42291193,7.07303025,-2.1
FHK,14.2900933,12.9535528,7.509906406,-1.72
FHP,10.57912158,10.39265226,7.826871183,-2.46
FHW,16.17186571,10.90272824,7.640772358,-2.84
FHY,15.24149124,13.64918016,10.80808262,-3.28
FIE,12.24859985,12.15448817,6.724495028,-2.54
FIP,12.60625132,10.59719459,5.3771933,-3.45
FIR,15.01626495,13.99286807,4.741972501,-2.1
FIS,12.70952005,10.95302087,7.913115442,-1.65
FKD,12.92722215,10.47270641,6.344702425,-1.95
FKI,13.76348861,10.30435775,4.809393432,-1.86
FLD,12.28293098,10.1714475,8.651865709,-2.87
FLI,12.53108938,10.56364058,5.295853568,-2.68
FLP,12.64035482,11.47750375,6.121476473,-3.18
FLT,12.74224973,11.93342817,5.275492145,-3.4
FMG,13.29662123,10.02936616,7.880902801,-1.91
FMT,12.16076136,10.80894776,8.278252172,-2.78
FMY,14.66457332,11.27979241,7.783314414,-2.93
FNI,12.63929048,10.00201795,7.432363577,-3.17
FNK,12.53971011,11.56350452,6.285797993,-2.4
FNN,11.90284603,10.3565413,7.672290243,-2.16
FPE,13.37465649,10.61471999,8.636355083,-2.13
FPG,13.24955608,12.4334454,7.597785219,-2.24
FPI,9.791112667,16.5508571,6.222967809,-2.51
FPM,15.92067385,10.73380053,7.527454803,-2.37
FPN,14.08614979,11.84624982,5.969564649,-1.33
FPR,17.48431175,11.59258245,17.47681024,-2.1
FPV,12.12783492,10.27049542,6.119484751,-1.46
FQC,13.33712613,13.10110304,8.498579069,-1.79
FQM,14.15332853,10.96308669,5.0876635,-2.49
FQP,13.09028873,10.63689534,6.281438982,-1.45
FQQ,14.53418262,13.54463915,10.42715685,-2.73
FQS,13.23194674,12.97225387,9.269342969,-2.58
FQW,15.65424736,10.38553587,7.476368087,-3.1
FRG,14.06619395,10.06921916,6.643698216,-1.46
FRM,13.09262275,12.27201731,4.090513284,-2.53
FRR,14.95800584,14.93540392,4.448040822,-2.5
FRY,12.75762902,11.25854795,5.982752348,-2.6
FSL,14.1289815,13.12560043,6.828319034,-2.22
FSP,12.0438713,11.94137623,7.646261759,-1.65
FSS,13.48463816,12.65090368,11.65973029,-1.64
FSV,12.86371657,11.70514089,7.751985494,-1.98
FSY,12.80218538,12.38353051,6.188916474,-2.29
FTD,14.79194383,11.101004,8.596557088,-2.12
FTE,15.19368815,11.87375891,9.095313527,-2.38
FTK,17.79961726,11.80778013,7.687004329,-2.09
FTM,13.35038737,10.67163963,6.008642047,-2.53
FTN,13.3676212,12.85320184,7.040769239,-2.46
FTT,13.40200768,11.68119342,9.523649479,-2.68
FTY,15.11796439,10.65990177,7.779771206,-2.87
FVD,13.73026763,10.0636417,9.463578186,-1.84
FVN,13.20295839,10.04093517,7.29795202,-1.93
FVP,13.64648609,10.66995796,6.122540113,-2.77
FVQ,15.76139146,10.71586559,7.334208837,-2.55
FWQ,13.5181269,11.15101072,6.238283598,-3.1
FWS,13.02418831,12.09927868,7.28276243,-2.7
FWY,14.40256159,10.70379443,7.358462695,-3.05
FYC,14.80002533,11.02839694,7.031691093,-1.85
FYD,14.79257311,10.21329105,9.689059257,-1.3
FYN,15.0194317,10.80519691,7.64918828,-1.87
GAA,9.489648612,2.09515961,1.326229895,-1.29
GAC,9.74621821,7.134601984,7.899163911,-2.03
GAD,9.152891129,4.312458704,2.937940136,-2
GAG,8.580119193,19.86537227,5.022475013,-1.6
GAI,9.940444319,21.07436084,6.467853901,-1.5
GAK,11.07358305,10.85357942,5.234390846,-1.55
GAL,9.396449333,10.53276993,6.481528873,-1.58
GAM,9.633675665,9.046862081,7.802256946,-2.97
GAP,9.413927678,11.85311712,9.74831073,-1.48
GAQ,9.622416564,24.78160001,6.15499439,-1.97
GAS,9.728137615,9.061132915,13.17763305,-1.34
GAT,9.682612489,14.75197689,3.645620091,-1.82
GAV,9.550274472,10.37334881,5.710629355,-2.27
GAW,9.885338966,2.945719856,1.259247228,-2.81
GCA,9.748270856,7.060659424,6.213161636,-1.97
GCF,9.652561362,18.25265846,9.106005724,-1.83
GCG,9.910520609,6.661252851,8.899101949,-1.57
GCH,12.00543642,10.88836486,10.88438786,-1.59
GCI,9.207885289,19.84366822,7.903171208,-1.98
GCM,9.501278666,20.510557,7.646422095,-1.39
GCS,9.665871802,6.422464881,8.148626997,-1.75
GCT,9.869469922,5.706420145,7.933847741,-1.61
GCV,9.92855405,5.36005684,5.642197598,-1.7
GDA,9.387879636,3.452398463,4.221380386,-1.41
GDC,9.78428427,3.713973543,3.669894978,-1.7
GDF,9.602924577,16.33380327,8.765128002,-2.85
GDG,9.297080577,31.54254991,10.0635153,-1.24
GDH,9.918894355,25.83928764,10.55051136,-1.91
GDI,9.396076054,26.31792043,9.114582365,-1.78
GDL,9.29154952,24.34023375,8.601771294,-1.76
GDP,9.770889993,28.80711046,9.569993777,-1.4
GDR,12.44246771,12.43283128,8.151859101,-1.71
GDV,9.505216413,22.61997336,5.564271763,-1.68
GDW,9.856276978,7.434179583,3.130847257,-2.02
GEA,8.670961297,4.34718496,6.055275679,-1.65
GEF,9.986376967,10.49867845,6.85620028,-2.56
GEG,9.811259802,14.01477967,5.600905504,-0.88
GEK,13.01205018,11.46168432,8.085184308,-1.88
GEM,13.13146278,12.52686249,7.467477817,-1.83
GEP,9.026522024,18.97304985,10.16514506,-1.22
GER,13.36315479,13.27296075,6.186814393,-1.91
GES,9.761379309,14.5443734,5.074757406,-1.32
GEV,9.58570137,29.44382516,8.683406417,-1.33
GEY,14.13494687,12.80810448,6.713870044,-2.43
GFA,9.147065711,12.95321988,7.355965792,-2.3
GFC,9.796759641,9.498182282,7.528744542,-2.97
GFD,9.7191907,8.194880735,8.004205581,-2.55
GFE,9.982697141,4.691681948,4.094296757,-2.7
GFF,9.753210277,22.7291632,7.442139102,-1.59
GFG,9.832395565,25.42504584,6.967117565,-2.04
GFI,9.956103794,16.13633774,5.957038234,-2.46
GFK,9.875138789,16.29216764,6.250048867,-2.65
GFL,9.840527291,8.874274178,7.182775643,-3.09
GFP,9.918032318,7.660737617,4.507612824,-3.31
GFS,9.736325455,21.92459022,6.677152171,-3.28
GFT,9.889521903,8.431987622,9.250424178,-2.31
GFV,10.37414655,10.34701612,6.829989649,-2.93
GGA,9.086278629,8.628042199,10.74100823,-1.53
GGC,7.784928538,6.441928029,6.382695351,-1.78
GGD,9.787603466,6.602328694,9.094639033,-1.98
GGE,9.543668966,5.918622534,4.89862167,-1.73
GGF,9.148977208,15.90403111,7.125473448,-3.6
GGG,9.868296194,24.02813187,10.66386617,-1.32
GGI,8.606515269,7.736715922,6.516116086,-2.93
GGN,8.779462444,8.003708743,6.352159317,-1.18
GGQ,13.04644219,10.27915119,7.328991872,-1.43
GHA,9.829997032,12.54915682,8.475209224,-1.79
GHD,11.51573731,10.10932501,10.83912114,-1.96
GHG,9.989118516,9.548773257,5.604146176,-1.42
GHI,11.4215416,10.73193048,6.772008848,-2.41
GHK,13.06917407,12.30618776,7.622538804,-2.62
GHL,9.694285375,12.47266003,6.291223454,-1.69
GHM,13.2868286,11.14331097,6.470495544,-1.44
GHS,9.988765745,7.062075013,8.131351257,-1.42
GHV,9.940625327,19.08178733,7.898438063,-2.29
GHY,13.75158586,12.58836411,6.53585642,-1.75
GIA,9.022990003,17.39167491,6.803408339,-1.55
GIC,9.696710722,7.117637283,6.903750197,-1.93
GID,9.95869262,27.08882133,7.056793078,-1.28
GIE,11.82010579,11.19749556,7.411628573,-1.57
GIG,9.643795096,19.90407197,5.940590568,-1.51
GIL,9.793852583,12.68245382,7.496154671,-2.68
GIP,8.973639068,23.79689335,6.262756864,-1.58
GIS,9.835149834,18.32004217,8.453444224,-1.74
GIT,9.984051076,12.86780468,6.784945627,-1.81
GKC,9.752949026,10.18213321,9.619723423,-1.6
GKD,11.55643081,11.18475954,8.182954636,-1.85
GKE,14.17112394,11.16519331,6.144474502,-1.88
GKM,13.86144284,11.02414595,8.071787446,-1.33
GLA,9.243536151,8.416526921,9.390764336,-2.47
GLC,9.773029273,14.57355602,7.864107865,-2.43
GLG,9.589748962,19.0630375,6.239629404,-0.78
GLH,9.996866822,26.00810312,8.895483712,-1.9
GLI,9.758987288,13.84798116,6.98426614,-2.96
GLL,9.264617395,17.12238497,9.851145882,-2.51
GLN,9.554084241,9.167657163,6.891223724,-2.19
GLS,9.124752569,26.63291311,10.27761536,-1.7
GLT,8.927821259,13.37885775,7.529296309,-2.28
GLV,9.038576151,10.67583473,7.380213617,-2.43
GMC,9.50558508,11.06174636,8.302368047,-2.03
GMG,11.46615009,10.01265729,8.162628713,-1.57
GMM,12.46756116,10.04977764,6.90498478,-2.6
GMT,9.896310218,8.22329887,5.825845832,-2.13
GNA,9.744473735,7.007330453,6.613859273,-1.44
GNG,9.581958559,9.510027056,8.806983538,-1.88
GNH,9.87216722,14.161015,9.789412999,-2.25
GNL,9.676594215,22.4850198,9.019447219,-1.32
GNP,9.326287939,20.32037908,7.332948876,-1.51
GNQ,10.53829162,10.40214316,7.329963371,-2.47
GNS,9.992359996,5.843837964,8.296560374,-2.06
GNT,9.469888273,11.62885323,5.641483125,-1.92
GNV,9.774697379,12.22767236,7.376359515,-2.24
GNW,9.885448162,6.711189548,2.437870118,-2.02
GPA,9.634671868,17.80620306,7.511601937,-0.87
GPC,9.931678684,11.49706904,9.737486865,-1.44
GPD,9.615137192,21.63257739,8.248840173,-1.47
GPF,9.933630344,5.807462265,5.496943413,-2.23
GPG,7.422496756,10.69359109,7.917020656,-1.3
GPH,9.811666788,19.82413278,6.443348654,-1.77
GPI,9.754925753,13.35581026,5.717813418,-2.45
GPK,9.663529099,11.14910641,7.00315757,-2.58
GPL,9.815169841,18.93811913,5.962505333,-2.41
GPP,9.771429165,15.22155306,6.465650048,-1.34
GPR,11.82692993,10.42172489,6.445169192,-1.56
GPS,9.199292569,17.14477738,7.35319259,-1.18
GPT,9.759752895,24.70882583,7.13290033,-1.57
GPV,9.563659639,22.07090696,12.08801476,-1.53
GPW,9.877309225,18.59573242,6.072504101,-1.07
GQC,9.616907146,15.7464611,5.665690823,-1.82
GQG,9.987746207,9.519215991,9.12400192,-1.71
GQP,9.961891313,11.89265352,6.997478318,-1.58
GQV,9.933655729,9.710217105,8.434636327,-1.87
GRM,14.54891018,12.18676813,6.383657841,-1.73
GRR,14.90246331,11.21095847,3.484815744,-2.29
GSA,9.56481934,13.62525041,5.398389245,-1.36
GSC,9.389163227,3.945892301,3.36587578,-2
GSF,12.8004923,12.75121054,7.916579435,-1.32
GSG,9.610532902,25.67821743,6.194823527,-2
GSH,9.735581821,14.54129242,12.43848912,-1.66
GSI,9.357234644,27.95044833,8.200590925,-2.09
GSL,9.413717589,12.71512964,8.229537446,-2.46
GSM,9.510507701,10.19650024,5.301529296,-2.31
GSN,9.293585605,8.478342335,10.30682084,-1.3
GSP,9.681044664,26.50945271,8.819321009,-1.62
GSS,9.773217743,8.335035549,11.62202654,-1.51
GST,9.500618377,31.26571508,7.705180239,-1.44
GSV,9.643553785,6.80463807,6.327863716,-1.85
GSY,9.847663728,11.35348827,7.913127591,-1.67
GTA,9.848628633,5.712174268,7.973923934,-2.16
GTM,11.62144392,10.71039971,7.892678788,-2.64
GTP,9.799339226,24.67499245,8.111021721,-1.46
GTS,9.715457353,3.235833924,2.493096237,-2.24
GTT,9.295228835,25.89873776,6.380912225,-2.18
GVC,9.773692965,10.78685188,8.995914064,-1.54
GVF,9.941604181,11.46055811,7.048816278,-2.69
GVL,9.818860078,13.46607741,7.808824535,-2.14
GVN,9.527762098,8.712423193,9.289156509,-1.61
GVS,9.680550075,15.97371996,5.503779923,-1.48
GVV,9.724703754,17.01804359,6.229751864,-1.48
GVY,14.12554219,10.83473636,6.238472417,-1.43
GWM,11.86687746,11.77516229,4.019482993,-2.38
GWR,15.706538,10.74902277,3.127855263,-1.51
GWS,9.777552709,2.1782553,1.934484785,-2.6
GYD,12.97267059,11.36814399,7.26728609,-1.76
GYE,13.31579754,13.21093404,9.602259881,-1.65
GYM,13.34725827,12.87133768,6.497108415,-2.32
HAA,11.76265086,10.96865949,11.2469889,-1.91
HAK,13.81266705,13.42577182,5.922357307,-1.32
HAM,13.86081871,13.35198011,4.866077449,-1.58
HAY,13.64480938,11.57511418,10.29642961,-3.13
HCK,15.22901907,14.44782353,6.114518343,-3
HCM,11.88055337,11.63966456,6.99962083,-2.27
HCW,13.18595325,12.54705417,7.968013375,-2.51
HDM,12.9351831,12.71442893,6.033853591,-2.59
HDS,11.7733247,11.3974003,9.919631729,-1.59
HEA,12.62034163,12.03522832,11.90399993,-1.56
HEC,12.52164663,10.73260258,11.11898561,-1.96
HEH,14.23980161,11.2618583,7.788993326,-2.08
HEI,12.51812168,11.85555174,8.030505283,-1.78
HEK,13.32007059,12.93592388,10.06034575,-2.26
HER,17.02883852,16.09951723,7.166295464,-1.94
HES,13.01331319,11.84370424,13.32293488,-1.51
HEV,12.37323568,10.95019464,9.533991669,-2.02
HFE,13.13091489,12.4028833,8.096739974,-1.92
HFP,12.25524713,10.46160572,6.546450664,-2.86
HFS,13.15402776,11.21422037,8.774651707,-2.25
HGE,12.48796819,10.794228,7.098038373,-1.72
HGL,11.97403344,10.27061124,6.009050131,-2.22
HGM,15.69954994,14.2177893,7.748092362,-2.09
HGN,13.11706147,11.41987461,5.899488506,-2.44
HGR,17.13537928,14.74008315,5.944108357,-2.01
HHA,11.93319122,10.52958886,12.0410725,-1.61
HHD,12.67577047,10.8700444,11.70277537,-1.76
HHH,15.31303823,14.42653941,6.5648421,-2.31
HHK,14.72970003,11.90542641,7.438249142,-1.52
HHR,13.15560844,11.04018064,8.681812283,-2.02
HHW,12.41445559,10.59490553,8.419568038,-2.64
HHY,11.94800046,10.73267374,8.630160199,-1.59
HIC,11.94658867,11.20114767,8.938727123,-1.99
HID,12.2618875,12.09396184,5.390965027,-2.23
HIL,11.87740697,10.10928807,7.36297199,-2.54
HKA,14.00428621,13.92901728,6.182735188,-1.59
HKD,13.71980813,11.83291523,10.19875267,-1.95
HKE,13.97215177,12.68515873,8.77494309,-2.18
HKK,15.05231453,12.93247941,10.19145033,-2.22
HKL,14.24191148,11.87250646,9.905562544,-2.17
HKM,14.0369383,10.66789905,5.437423877,-1.44
HKN,13.05072415,11.96692732,7.528582914,-1.94
HKQ,13.60883006,10.04100471,7.781682501,-1.46
HKR,16.89610652,14.28762128,7.606813582,-1.76
HKT,14.12936817,14.09741658,8.138767022,-1.19
HKY,15.0534926,10.65582455,6.5901728,-1.73
HLC,11.44267361,10.91195631,5.617631364,-1.26
HLF,11.75334468,10.25421877,7.410796373,-3.19
HLM,14.04683105,12.28486695,7.231294719,-2.69
HLY,15.82681501,11.20518447,7.414408478,-2.28
HMH,13.38253877,11.44625441,10.79693729,-2.12
HMK,17.75322284,10.98568075,7.497895304,-2.62
HMM,13.36986198,12.83189946,9.028158996,-2.8
HMR,15.80925156,13.67410877,5.924619679,-1.93
HNK,13.45430224,12.59008796,11.53717593,-2.14
HNV,12.13057639,11.45356668,6.947832763,-2.47
HPF,14.3190279,13.26821394,6.564863932,-2.07
HPI,12.59600712,11.15779219,5.105591394,-1.47
HPK,15.41760042,12.93058624,7.38201998,-1.38
HPL,12.41562623,11.96268338,5.171593058,-2.04
HPQ,12.78161516,12.27713408,7.203737802,-1.56
HPR,16.60604723,10.84538635,5.441917341,-2.09
HQC,12.50013999,10.91541436,7.7414758,-2.03
HQD,13.68994996,13.18513602,11.87449382,-1.59
HQG,13.11024815,13.06619398,12.95158794,-1.92
HQI,12.74686944,11.48445312,6.269527204,-2.49
HQK,15.55746006,11.43188125,7.541421529,-1.69
HQN,12.24491262,10.98789572,10.47650621,-2.04
HQQ,16.22602058,13.96952818,6.605794879,-2.28
HQS,12.20200576,11.10502572,11.49795005,-1.46
HQT,12.86929298,12.64933828,5.41190576,-2.06
HRA,14.86773253,11.63737657,6.701860319,-1.63
HRH,13.9305117,12.49562213,9.405603006,-1.99
HRI,15.27655158,11.66958454,5.711230292,-2.86
HRK,15.02424496,12.51848952,7.049190454,-2.43
HRM,14.66662803,11.57058574,4.585031899,-2.2
HRP,14.15354411,10.80753062,6.662184849,-1.94
HRQ,14.93381156,11.32513328,6.633036049,-1.85
HSV,12.33415096,11.30237283,10.31217635,-1.64
HSY,14.67140394,11.74495091,6.355107285,-1.83
HTE,15.24195358,10.24692036,9.987454861,-2.03
HTF,14.36306212,11.3346252,5.962464022,-2.94
HTN,13.06941794,12.99643585,9.178249992,-3.06
HTQ,13.27709315,12.18138398,7.379617695,-2.32
HTW,13.51704533,12.17997409,13.90679664,-2.74
HTY,13.4292659,11.54982445,7.693054691,-2.16
HVC,13.00027311,12.13432936,7.292135615,-1.72
HVM,11.84326036,11.67136686,6.896171584,-2.28
HVN,12.27614089,11.52985278,7.668269906,-2.11
HVS,12.93883221,11.06563556,11.7719836,-3.19
HWC,12.45220018,10.25143339,5.543486415,-2.34
HWS,13.82386047,11.69901329,6.382467492,-2.46
HWY,13.13664077,12.33370338,7.197056618,-2.83
HYD,13.16538201,12.4834559,8.687260537,-2.34
HYE,14.46181212,11.10311235,8.014638994,-2.1
HYH,14.5782551,12.70046836,9.029776594,-2.42
HYN,12.90832918,11.63898713,7.823311695,-2.82
HYS,14.30455475,14.09988315,8.444760953,-2.28
ICA,12.53810965,10.97536616,10.50022533,-2.46
IDD,12.59833853,11.31112137,10.19939448,-2.33
IDV,11.06213327,10.96498171,6.56233445,-2.85
IDY,15.24737225,13.15710174,6.735698265,-1.43
IEE,12.84889166,12.27528275,11.72791774,-2.49
IEF,13.14438832,12.7109284,7.717968093,-3.19
IEM,14.16450502,13.57984555,6.622268381,-1.92
IEQ,12.59000842,11.13987798,7.994492566,-2.33
IEY,13.99268087,12.94122332,6.900168395,-1.66
IFQ,15.24990514,10.44959972,5.354280412,-2.28
IGD,13.45517226,12.43214087,6.051953553,-2.41
IGH,13.14679596,12.85335364,6.540543998,-2.33
IGK,15.05595253,12.13666678,7.538442305,-2.16
IGQ,12.42268945,11.98556494,6.355643868,-2.82
IGS,9.866003571,14.52601543,4.050486088,-1.88
IGT,12.41096949,11.41194908,3.982571406,-2.03
IHC,12.69954441,12.265721,11.46117577,-2.47
IHI,11.73994002,10.49117104,4.576949,-2.61
IHR,14.07782878,12.7896003,5.920169123,-2.23
IHS,10.31591138,10.16659977,7.350907856,-2.26
IIA,12.4849407,10.61954624,6.604120525,-1.83
IIE,12.09878561,10.00865239,8.301940252,-2.36
III,11.99192854,11.27511012,6.328801402,-2.59
IIK,13.14026576,12.58929206,6.495882088,-2.2
IIP,11.81176162,11.11176851,5.051033464,-3.34
IKA,12.42521134,12.12588926,7.021479993,-1.94
IKC,12.24546385,12.07938594,6.151951016,-1.67
IKD,12.2079452,12.13540817,9.794764402,-1.98
IKQ,12.12842981,10.33770527,11.29651588,-2.01
IKR,13.92942719,11.74187034,3.839982364,-1.97
IKT,13.33185973,12.80582958,10.19950048,-2.27
IKY,13.46063491,11.71048881,16.18573488,-1.71
ILG,11.95250371,11.4370827,9.510229625,-2.22
ILK,12.2780832,11.27598797,8.146722968,-2.77
ILN,12.06107984,10.36539616,6.670656855,-2.76
ILQ,12.11814215,11.64110177,7.16722286,-2.78
ILR,12.91229509,10.6459701,5.314575917,-2.02
ILV,10.93833211,10.49891479,5.96716598,-3.45
IMA,11.42954517,10.69090212,9.85392694,-2.66
IMD,12.26875846,12.26404204,7.10409356,-1.98
IMK,14.12746899,13.39993863,6.820739127,-1.65
IMQ,12.40273191,10.62282364,7.211078114,-2.88
IMS,12.6481279,10.99898586,8.016683114,-2.05
IMT,12.30818812,12.21805711,7.451099486,-1.73
INE,13.33107624,12.21840961,7.406682578,-2.4
INN,12.64745576,12.36539108,6.448757714,-2.36
INY,14.70383811,13.60288538,17.93341955,-2.65
IPP,10.5812848,10.43599727,3.458838907,-3.01
IQE,12.41026923,12.10163416,6.292101196,-2.55
IQF,13.36218735,10.39068795,24.84334842,-3.22
IQN,11.54177285,10.09099234,6.66668044,-1.79
IRD,11.7143504,10.37750403,5.831067783,-2.21
IRE,14.57928253,11.55749346,6.054327835,-1.76
IRS,13.14633758,10.4578818,6.604715317,-1.44
IRW,15.40610888,13.81468407,4.642356075,-3.1
ISI,12.32575011,11.89469198,8.909023053,-2.54
ISN,12.19118308,10.86857879,5.483135488,-2.1
ITK,13.54622847,12.43211847,5.821691326,-2.5
ITR,13.55930225,11.51961766,5.811191385,-2.25
IVC,12.58400938,11.89882623,5.508928313,-1.92
IVE,12.17193987,11.25139566,5.492258213,-2.03
IVI,10.53519399,10.17804142,4.435896593,-2.18
IVK,12.32639012,10.25984415,5.304324132,-2.77
IVM,10.63270528,10.09802126,5.369029482,-2.34
IYA,11.61162203,11.56953448,6.890433303,-2.1
IYD,13.66615178,13.03138377,8.775132815,-1.79
IYE,13.62888776,10.01009473,5.028283548,-2.08
IYK,14.00562325,13.29618878,8.914653971,-2.16
IYY,12.039364,10.74602692,8.90101904,-2.32
KAE,12.99769076,10.11385409,6.440058433,-1.87
KAG,8.628462186,12.44204397,6.528542378,-1.59
KAI,12.75144339,11.2476645,5.791277504,-2.12
KAK,16.56618244,13.48920843,8.060889576,-1.84
KAL,13.53723007,12.19734847,5.505641046,-2.19
KAM,14.37753197,10.02679385,5.591417095,-2.15
KAN,15.51861882,11.49221947,6.130323668,-2.02
KAP,13.33337175,12.76287095,6.44531723,-2.17
KAQ,13.44342762,11.67803979,6.161435839,-1.57
KAY,13.18260158,10.3650286,6.108533852,-2.14
KCC,12.43919295,11.68873052,6.886340677,-2.01
KCG,10.90180993,10.05841963,10.16039232,-1.76
KCH,12.60021408,12.26648423,8.160621315,-2.74
KCI,12.83084198,11.1135349,5.806298092,-1.93
KCN,13.82914463,11.85255964,7.817085107,-2.03
KCR,17.4908039,10.48246787,5.721591415,-2.12
KCT,12.29849878,10.61665743,5.722160341,-2.25
KCY,16.04538266,10.39090276,6.113137648,-2.19
KDG,13.1715223,10.85275126,6.016287176,-1.59
KDH,12.38918537,10.55608194,4.703199933,-2.15
KDI,13.98099062,12.43513662,6.082159049,-1.6
KDK,14.32564651,10.97422491,6.13266098,-1.69
KDM,12.65340258,11.70443786,7.706202843,-2.04
KEA,14.07071388,11.95967606,9.18347469,-1.92
KEE,14.2434222,14.06978403,8.854819041,-1.84
KEH,13.88818793,11.57191227,10.18378995,-2.68
KEI,12.0779487,10.62431058,4.895112318,-1.97
KEK,14.35134741,12.58563951,6.191058362,-2.56
KEL,14.12878822,12.23574786,3.752153915,-1.81
KEM,14.24125348,13.12461716,6.700013199,-2.52
KEP,13.20520992,10.66735523,6.455206195,-0.79
KEQ,14.55792772,12.74422829,7.438830045,-2.31
KET,13.86864274,11.07562334,5.696661674,-2.03
KFD,13.80361568,12.05028216,7.385696672,-2.76
KFG,12.02721711,12.00150113,6.568510826,-1.53
KFM,14.23102136,12.81065473,15.52262021,-2.71
KFP,13.56496503,10.69853586,4.895668033,-1.99
KFR,14.06764978,12.7020315,4.259953205,-1.91
KGK,15.12380075,11.36466305,6.8225556,-1.89
KGV,13.87662748,11.97178102,4.879576173,-1.95
KHA,13.25074881,10.76257179,7.73294647,-1.59
KHE,12.66840851,12.31466026,6.177242972,-2.25
KHI,12.54716976,10.68617826,6.618281838,-1.83
KHM,13.67486284,11.40370948,5.988124459,-2.72
KHN,14.94251708,11.04392013,10.16128978,-2
KHT,14.52851822,13.92680337,5.327136353,-1.71
KHV,12.28745463,11.8441573,5.651695716,-1.95
KHW,17.53107388,13.6190763,6.391667789,-2.31
KHY,13.31708992,10.01572465,7.95343967,-2.02
KIA,12.50092871,11.7665528,6.238241995,-1.94
KIH,12.16642313,11.91614184,7.292373867,-2.2
KII,12.50784741,10.25940505,5.77141123,-2.39
KIL,12.49550285,10.58538113,5.140405777,-2.56
KIM,12.24890128,12.22434111,4.391607063,-2.46
KIN,12.22901422,11.41275958,6.479203098,-1.48
KIQ,12.37226761,10.20545117,4.30923292,-2.26
KIR,14.14823806,10.05001047,3.699795938,-2.46
KKA,15.54068922,11.44514877,8.251235461,-1.99
KKC,14.43615954,14.31616647,8.959028831,-1.79
KKD,14.98380017,10.71977921,6.846046032,-1.98
KKE,14.07141574,10.2183778,5.820437606,-2.27
KKF,15.01297417,10.50705026,3.561110795,-2.65
KKI,14.04854281,10.67986572,4.871185716,-1.57
KKQ,15.08445835,14.40378321,7.990955698,-2.1
KKV,14.89106468,10.75834129,7.221727851,-2.23
KLD,13.40260949,11.98945059,7.18799261,-2.55
KLN,9.789766527,8.545477247,4.830395781,-2.89
KLT,14.08449689,13.07225759,6.607925827,-2.36
KLY,12.92448592,12.37045945,6.302222375,-2.09
KMD,13.40632757,10.87917363,8.434450855,-2.37
KME,14.9514815,12.95419418,7.387236305,-1.89
KMI,13.76550902,10.02293429,14.79863831,-2.72
KMM,13.70047313,10.55571077,5.368866918,-3.59
KMN,14.18977933,13.11280086,7.073310077,-1.81
KMP,14.33742838,14.27752252,7.37099124,-2.59
KMS,14.68684346,12.6221189,7.436644533,-2.5
KMT,14.5152753,12.94111344,6.821225987,-3.09
KNL,14.29385133,10.11066275,6.450528146,-1.46
KNM,13.16880585,12.49320625,5.901916247,-2.45
KNT,11.97716688,11.70267095,8.728273553,-2.03
KNV,14.47726391,11.64602478,5.096115053,-2.36
KPC,14.07473318,13.09959931,9.058444667,-2.32
KPE,14.8224975,13.9197917,6.945340439,-1.99
KPF,10.52162421,10.33907425,23.8495114,-2.71
KPN,13.44967381,12.32659923,7.793404979,-1.29
KPR,13.67374476,13.4928312,5.577813333,-2.06
KPV,9.966957307,11.369725,5.59241289,-1.79
KQD,12.65503305,11.60958411,7.069035653,-1.93
KQE,14.28371383,10.09941152,6.60494434,-1.71
KQF,12.8908792,10.00310179,6.85316901,-1.71
KQH,13.91936688,11.89412921,7.482240815,-2.21
KQL,14.57000548,13.65960262,6.633324082,-2.6
KQN,14.09079016,10.61809139,5.898038998,-2.1
KQT,13.82261115,11.95450288,6.45907104,-2.35
KQY,12.68741995,11.34111921,7.742246899,-1.85
KRF,14.52164243,13.49779907,4.341460514,-2.14
KRH,14.10110581,10.89777406,15.19172294,-2.56
KRI,15.79701595,10.08123548,4.613895119,-2.42
KRT,16.37348615,15.41569878,4.835404474,-2.01
KSD,13.14626625,12.03073891,5.598133285,-1.81
KSE,14.42174637,14.04894217,5.622634212,-2.03
KSF,14.03848166,11.05079276,7.523732663,-1.38
KSI,12.84409491,10.98991093,6.293130085,-2.32
KSL,13.28918031,10.78716129,4.512398774,-1.71
KSM,13.837234,11.9133309,6.606964937,-2.01
KSP,11.9779299,11.33127529,5.018185177,-1.66
KSR,15.75855524,11.68995703,6.747336866,-2.24
KST,13.39438359,12.86788611,5.324726833,-1.37
KSV,13.88254187,10.24387284,9.816122251,-2.43
KSY,17.72584242,11.45597205,6.685428976,-1.62
KTC,12.73720124,12.32518269,5.140230837,-1.94
KTE,13.81861065,11.76253024,4.922513077,-1.93
KTF,14.2161252,12.73883119,7.004125254,-2.39
KTG,14.63831174,13.97776047,5.925657438,-1.7
KTH,14.77264924,11.92760557,6.44562981,-2.55
KTI,13.13700259,10.68050266,5.901711286,-1.84
KTK,16.57526239,12.67966136,7.143108095,-1.98
KTS,14.65052886,11.55389255,4.564254366,-1.93
KTY,12.50430581,10.3964378,6.259544793,-2.42
KVE,13.60546403,11.67468091,4.458653666,-1.77
KVM,12.76578912,10.65235787,6.223983655,-2.01
KYD,13.59171779,11.29941455,7.945982939,-1.97
KYM,13.18435996,13.13190187,5.894681145,-3.53
LAA,9.839988948,8.164413191,7.166784483,-1.38
LAD,12.26210412,11.28234036,13.50141392,-2.46
LAE,13.89393771,13.5466867,12.56714812,-2.14
LAK,11.78934455,11.72204484,7.45377128,-2.58
LAM,12.57918802,10.76511826,5.40540842,-2.19
LAP,9.743542078,16.40950304,7.187644805,-1.96
LCI,12.90538919,11.27231891,6.302021481,-2.79
LCP,9.832310014,13.45913769,5.391685881,-1.89
LCT,10.79436163,10.71586717,11.73789568,-2.05
LDH,13.63438023,11.84478173,11.03157843,-2.24
LDM,12.1844596,10.29944944,7.411549882,-2.28
LDP,11.2153766,10.33652116,6.671497321,-1.96
LDS,12.45305048,11.52288521,8.123539817,-2.35
LDV,12.45611664,12.37396642,7.005319607,-1.81
LDW,11.71884798,10.08839331,6.656013731,-2.56
LEE,13.07728619,12.56494774,11.44573787,-1.62
LEK,15.46102066,12.17143889,7.495956334,-1.96
LEM,14.44238073,13.50856452,9.402525116,-3
LEQ,11.97171121,10.03623603,9.43724689,-1.93
LES,11.26757117,10.65673232,11.59399321,-2.16
LFE,12.2946664,10.49644115,6.441296737,-3.36
LFT,12.52853961,11.03771514,8.57308488,-1.82
LGC,12.56936621,10.28378732,6.203155835,-2.04
LGE,15.13413537,10.3735455,7.839025171,-1.34
LGK,14.9716241,12.14145899,6.190782,-2.65
LGP,10.56402632,10.51313292,6.757238941,-1.56
LGS,12.19995282,10.50567027,10.08134545,-2.46
LGT,9.240299602,12.46001903,6.210325781,-2
LHE,12.10930527,10.97155191,8.721663,-2.33
LHF,12.40331535,11.56682807,6.682456031,-1.97
LHH,12.56246005,12.2526091,8.11003094,-2.15
LHK,14.6147755,11.73536956,8.103239737,-2.57
LHQ,12.88783759,10.51432119,8.076292559,-2.2
LHY,15.86857194,11.77091943,8.103713726,-1.9
LIC,10.48730439,10.43506756,6.971606924,-2.4
LIK,13.10329354,10.8386374,3.919146253,-2.56
LIN,11.06840612,10.66303197,4.522654749,-2.45
LIT,9.976575222,10.19315552,6.9485759,-2.92
LKA,12.89938724,11.96338923,6.63881665,-1.84
LKH,13.44282618,11.22984062,5.642608755,-1.95
LKN,12.79653048,10.25781296,7.188639874,-1.93
LKP,12.31199062,11.66023993,16.40739365,-1.66
LLG,9.717190548,12.71715121,8.515169487,-2.26
LLH,9.937658481,13.47813161,7.705254281,-2.02
LLK,12.43119651,12.24218895,6.976084804,-2.66
LLP,10.47687137,10.36312793,5.157413748,-3.1
LME,12.20129142,10.41377622,5.910750601,-2.49
LMT,12.55494521,11.65684155,6.352233645,-2.76
LMY,11.99263258,10.651186,6.803552966,-3.43
LND,11.57040367,11.42400625,10.16342589,-1.7
LNM,11.19918793,10.69648752,6.259685513,-2.65
LNP,10.93357545,10.82679634,5.665172843,-1.35
LNQ,11.48467102,10.64369663,7.810421237,-2.83
LNY,14.88385956,11.57974926,7.418723792,-1.74
LPN,11.15094188,10.53268635,7.349187033,-1.98
LQM,12.61315096,11.32597579,7.503975147,-1.77
LQN,12.22552858,11.44442362,7.266008417,-2.49
LQR,13.12057179,11.88064853,5.85528049,-2.33
LQS,12.7288864,11.96484244,11.37620933,-2.28
LQY,16.62847367,10.57532825,7.308681405,-1.43
LRA,12.1444065,11.58635771,6.891034822,-2.21
LRK,13.72833196,10.31625838,5.982190568,-2.53
LRP,13.19447443,10.40813667,5.982679178,-1.5
LRQ,12.98877988,11.10871917,5.461247821,-2.1
LRR,15.51852564,11.71585292,6.814482885,-2.89
LSL,13.76262493,10.83769096,6.992745967,-3.15
LSQ,14.64337988,12.51142777,6.195276969,-1.42
LSR,16.7943196,14.64462015,7.611922997,-2.33
LTE,15.31825015,11.92257962,5.614267956,-2.82
LTF,15.26611339,11.50623531,8.021739666,-2.6
LTL,11.40665995,11.14555995,6.462620341,-2
LTM,12.84556939,10.80126951,9.166032894,-2.58
LTQ,13.11913509,12.69230917,7.410163243,-2.19
LTS,10.91523355,10.02514034,9.037286787,-2.05
LVE,15.35154219,14.3328753,5.616627416,-2.23
LVK,14.90150065,11.07832352,7.535881172,-2.44
LVL,11.46366476,11.2396592,6.980579437,-1.92
LWS,12.53696377,10.35089109,7.09560393,-2.25
LYA,13.6481394,12.31137564,7.370802935,-2.41
LYE,13.80674722,11.1095306,8.490103626,-1.68
LYM,14.70072417,13.81685149,6.20982578,-2.87
LYS,13.47746721,10.85266613,8.429172789,-2.08
MAA,9.584823785,17.34852364,6.48466437,-2.23
MAG,8.29672784,25.81987959,6.386154591,-1.72
MAP,9.561495674,3868.603099,17206.14371,-1.74
MCA,13.92330129,10.51221722,6.897173082,-1.92
MCC,13.93251695,13.121612,10.80748871,-2.47
MCK,15.06252601,10.41314257,7.418867096,-2.48
MCP,11.79309015,10.20397427,10.90633366,-1.93
MCV,13.48502078,12.88850201,6.046047614,-3.49
MCW,13.66374307,12.64386699,6.276915918,-2.61
MDD,11.95938291,11.76185579,19.1577119,-1.75
MDF,13.31598338,12.26961055,5.587129266,-2.09
MDG,11.76321131,11.26540282,7.273747487,-1.98
MDH,12.91630408,11.06688157,10.10960376,-2.06
MDN,11.95796489,11.90349523,7.503001821,-2.59
MDY,16.48318752,13.22196157,7.412149039,-1.81
MEC,14.16383538,11.76973614,7.063921548,-1.72
MEF,12.70028425,10.93433502,7.174857841,-2.54
MEK,15.10745606,11.34837542,7.837685748,-2.07
MEN,12.99394106,11.50917419,6.935937487,-2.06
MEQ,13.00830576,10.9409063,7.395679745,-2.92
MER,16.96315117,11.98614484,5.399162474,-1.97
MEV,12.82552743,12.5015258,8.038128455,-2.41
MFA,12.25896923,10.24578161,9.137234751,-2.32
MFD,12.87874836,11.84257763,9.100685129,-2.33
MFG,12.31320089,12.11370946,6.484986502,-2.87
MFN,12.33792879,10.3946875,7.567522148,-2.18
MFV,12.19209916,10.12621487,4.7108522,-2.88
MFW,15.68707621,12.56426275,7.744708986,-3.07
MGF,12.55178456,10.70185726,5.690963126,-2.91
MGH,15.01993512,14.01926536,5.826248722,-2.68
MGN,15.55218167,10.86488911,6.326917666,-2.15
MGT,13.2625236,10.98456804,8.114800545,-2.84
MGV,9.567780545,7.242024087,5.860994336,-2.51
MHC,12.03239514,10.68362259,9.005553145,-1.81
MHH,12.25179568,11.77191821,6.592595914,-2.23
MHK,15.06640403,11.83789195,8.949232384,-2.3
MHT,12.19052334,11.80012014,9.55716528,-1.77
MIG,9.784417228,7.552269161,7.363654144,-2.19
MIL,9.562914239,21.85808141,6.268459871,-2.96
MIN,9.827842275,17.52024917,10.47467262,-3.06
MKK,13.21766509,12.98972008,7.690035767,-2.01
MLG,9.92071614,7.703064854,4.724332803,-2.3
MLH,12.04254101,10.2530812,7.057875417,-3.47
MLS,12.12351613,10.57420927,8.548500986,-2.02
MLT,13.8444206,13.71917209,6.877681436,-2.18
MLV,10.33688427,10.07940695,7.75987893,-2.46
MLY,13.38876887,10.05850141,7.895301819,-2.72
MMD,13.69582083,10.85472892,8.564663774,-2.78
MML,12.91173549,10.98473499,6.480738296,-3.58
MNK,12.57166991,12.07579277,8.941928943,-2.26
MNT,12.57309486,11.00004408,7.797791208,-2.69
MPH,9.791796077,14.70928539,6.443452777,-1.45
MPI,9.895442255,11.42218526,5.60190004,-2.54
MPN,9.597621962,9.573996839,5.376102391,-2.24
MPQ,13.30143151,10.22787909,5.926689894,-2.52
MPS,9.93934473,20.47839135,9.631976228,-2.03
MPV,11.34314252,11.04926051,6.534689241,-1.37
MQD,11.76934869,10.54497814,9.348880728,-1.93
MQG,12.83979801,11.1108854,10.00885548,-1.57
MQY,15.18459213,10.94339252,6.67174128,-3.02
MRE,14.01546445,10.70254942,7.315646531,-1.83
MRK,14.40341336,10.59720777,4.507628377,-1.62
MRL,13.62940729,12.9517037,3.567119264,-1.85
MRW,12.48281921,10.05263946,2.992943137,-1.77
MSI,12.76475424,10.995777,4.957865925,-2.93
MSK,12.97863676,12.00891969,7.589055859,-2.03
MSN,12.79434686,11.74279283,9.097126997,-2.57
MSS,12.9517526,11.03059094,10.19435384,-1.79
MSW,13.90348595,13.128785,24.14754568,-3.02
MSY,13.16633934,11.83692042,9.947396921,-2.6
MTC,12.19366555,10.31775828,7.28201428,-2
MTD,14.21369497,11.37936784,6.857548346,-2.33
MTF,13.30543024,10.3487594,6.228902173,-1.74
MTM,16.92384057,14.96276887,6.742702736,-2.3
MTP,13.28863677,12.20767223,9.461757704,-1.71
MVE,12.19754758,11.1072164,9.131897522,-2.91
MVM,14.36567677,12.87982155,5.232023004,-2.05
MVP,11.38986052,10.25607964,7.392606676,-1.58
MVS,11.22511391,11.13919313,6.799041114,-2.08
MVY,13.59684777,12.3074976,5.910321796,-3.03
MYA,11.60011949,10.02452032,9.793032051,-2.45
MYE,12.63963407,11.37350853,7.901782037,-2.32
MYK,15.45421188,13.5280161,7.777964839,-2.31
MYM,16.15829485,10.56309274,7.561206722,-2.67
MYY,14.1369269,10.09706357,7.871747547,-2.15
NAI,11.39876755,10.18924403,7.15975446,-2.89
NAP,11.90311223,11.0446763,6.26921167,-1.51
NAY,13.73324314,10.51234277,8.219237149,-2.22
NCC,12.45952816,10.83111528,10.49563639,-1.93
NCF,11.92355455,11.4338655,6.239007613,-2.34
NCW,13.02091974,12.37035231,5.394669874,-2.2
NDC,11.61396877,11.04694227,6.770470982,-1.91
NDF,10.86205823,10.09972762,6.713633082,-3.02
NDH,13.2851281,10.97457936,9.966259006,-1.64
NDI,11.95949258,11.01105254,5.678616279,-1.76
NDM,12.31658968,11.08562381,6.460651467,-1.93
NDR,14.30960523,12.68999179,5.632146352,-1.94
NEP,11.10210788,10.12827757,8.5471424,-1.7
NEV,11.74568313,10.80281062,7.59206768,-1.63
NEY,14.81723046,12.36170017,4.787172043,-1.69
NFC,11.6863731,11.012202,6.859030247,-1.76
NFF,11.80279953,11.14992373,8.870891834,-3.06
NFS,11.87980752,11.37906049,7.828724695,-2.21
NGC,11.39076724,11.3897349,7.277972987,-2.02
NGD,13.64067291,11.50713806,5.761113341,-1.94
NGF,12.37642568,10.24896754,6.693194067,-2.15
NGM,12.69046762,10.46190046,6.282152257,-1.8
NGP,11.08091271,10.08527548,5.219132451,-1.8
NGQ,15.15878894,13.360998,6.134627517,-1.85
NHL,11.13391569,10.02591238,8.198649423,-2.2
NHN,13.36794163,12.63614862,7.185462731,-1.56
NHR,14.73409894,13.12662022,7.466178477,-1.54
NHY,14.559681,13.95723816,7.246427987,-2.35
NIC,11.08700751,10.23825485,6.670689362,-1.8
NID,11.34572469,10.71073193,10.42109065,-1.92
NIE,11.48208011,10.26193563,6.315331293,-1.83
NIG,9.198539689,9.102973403,8.654981924,-2.32
NIR,12.87634868,11.90268016,5.658378478,-1.91
NIT,12.12475394,10.43482594,6.31909738,-1.89
NIV,11.36654729,10.34274421,5.920741859,-2.1
NIY,12.56566027,11.2245215,6.80568701,-2.66
NKE,13.89786385,12.69338817,6.006462014,-1.67
NKG,12.35741776,10.08296066,8.162742891,-1.75
NKI,12.82493204,10.6914034,3.948001376,-2.36
NKK,14.07093007,10.54976398,7.024134551,-1.51
NKL,13.02831054,10.23404988,6.834946899,-2.01
NKR,14.80057534,11.94432688,11.25986917,-1.72
NKS,12.96081742,10.57080507,7.023060206,-1.38
NKT,12.84114672,10.8921888,10.59476547,-1.7
NLG,9.621652126,10.62699455,7.043849936,-2.2
NLI,10.85689115,10.72134804,6.022304598,-1.86
NLK,11.53195656,10.25677679,5.733467288,-2.63
NLN,12.19021873,10.56584751,7.549927576,-2.24
NLR,14.0872838,14.01829558,5.058630345,-2.18
NMA,11.95585475,11.30342898,8.34557958,-2.08
NMF,13.43840616,11.0597203,6.927463834,-3.15
NMI,12.35106826,10.71115613,4.968058952,-2.42
NNF,12.5647515,10.33400955,7.016600329,-2.36
NNM,14.02148661,13.42630903,5.910483608,-2.19
NNN,10.67931729,10.50550923,7.890317971,-1.62
NNQ,12.2728607,10.58871149,12.02754491,-2.29
NNY,15.13504166,12.87100474,6.364010801,-1.46
NPG,9.572741733,21.14171737,7.640400082,-1.56
NPH,11.92040177,10.94915038,5.313062509,-2.38
NPM,13.71789499,11.15296494,6.019831762,-1.65
NPY,14.2869457,10.83479507,6.514021712,-1.49
NQG,9.907746431,8.078304756,8.593246305,-1.72
NQH,12.62885634,11.80765308,10.21692022,-1.8
NQI,12.21346626,11.83534256,6.051263151,-2.11
NQK,13.94930201,13.52693204,6.990132035,-1.34
NQL,11.39887096,11.33795551,6.375419298,-1.78
NQQ,11.82929211,10.99655864,8.015979025,-2.18
NQR,13.98071574,12.64905257,6.801547565,-1.83
NRC,13.65318839,10.53899808,6.502966647,-1.51
NRD,13.70221322,10.33733977,7.335746686,-1.53
NRF,14.33553355,13.30937277,6.556346066,-1.64
NRN,13.30069405,10.28737844,4.988707074,-1.8
NRS,13.19238819,10.79277874,5.085268088,-2.12
NSR,13.84763549,10.58751549,7.18772757,-1.67
NTH,12.49223717,11.47882991,6.633854355,-1.95
NTI,13.2304758,12.42138104,7.209897801,-1.61
NTK,15.84553496,13.52769656,6.79977864,-1.64
NTM,13.70024659,10.87935009,3.965991199,-2.26
NTR,13.91172633,11.26312859,6.702936578,-1.79
NTY,14.35045185,12.92849803,5.86026224,-1.71
NVG,10.80680588,10.16342118,9.460495091,-2.1
NVP,11.589668,11.49248075,9.329678177,-1.94
NVQ,13.77132043,10.99172165,6.709049052,-1.88
NWK,12.65049426,11.76512436,7.140449688,-1.85
NYN,13.16498786,11.82619133,8.255562271,-1.75
NYQ,13.59198323,11.14459169,8.540139303,-2.26
NYR,14.57996738,11.84563287,3.823249264,-2.44
NYS,11.95302211,10.08154168,9.606009394,-1.9
NYT,12.1730393,11.76968994,6.783782526,-1.58
PAA,9.690589468,7.446666296,7.770343567,-1.55
PAC,9.627923296,11.70017577,19.37675236,-1.94
PAG,9.533668459,15.26010991,5.268368755,-0.63
PAQ,11.90981024,11.88850733,8.228371337,-1.48
PAY,9.880798171,20.55989196,8.260886967,-1.31
PCH,11.8395386,10.82673194,6.372584913,-1.91
PCS,11.18281043,10.10649255,11.42326111,-1.64
PDK,13.3403127,11.31672489,8.106409503,-2.27
PDP,9.506117968,21.78982524,9.17395895,-0.95
PEK,12.92951993,10.32404192,5.724199595,-1.91
PEQ,13.30041097,11.10050917,8.686719695,-1.6
PGA,8.961043791,16.11926677,10.94329327,-1.8
PGD,9.064301975,7.099943894,8.79852119,-1.85
PGI,9.470933405,18.31153448,4.71288032,-1.85
PGN,10.66949016,10.00429081,6.818661978,-1.24
PGS,9.941111066,13.39098615,6.993922869,-2.03
PHM,10.85032669,10.55863588,6.146341775,-2.06
PHY,14.93337974,10.22440772,7.973067715,-1.24
PID,11.31953469,10.45448732,9.137880055,-2.32
PIG,9.369519275,14.8782288,6.534336935,-1.23
PIS,9.928298977,27.08537824,6.728239839,-2.07
PKC,11.64857713,10.9285451,8.186596712,-2.04
PKL,12.37462736,10.66027395,6.282374889,-2.73
PKY,14.75434182,11.17414076,8.221749467,-1.44
PMY,14.65726242,127.9748164,505.7987916,-2.26
PNA,10.4793091,10.36167392,10.6768108,-1.34
PNG,9.625238751,9.152832034,8.50500864,-1.51
PNP,11.5983622,10.52698806,6.410107754,-1.36
PNS,9.458418012,23.6851369,8.893828255,-1.55
PNY,13.56968278,11.57413837,8.686116154,-1.43
PPA,9.648476308,11.9238182,8.649453142,-2.11
PPD,10.56518082,10.03594023,7.001875709,-2.01
PPG,9.110773321,21.94205149,5.460703286,-1.78
PPM,12.20571864,12.09912638,5.879125077,-1.78
PPN,10.81131258,10.39827901,6.118813837,-2.26
PPQ,10.7995814,10.46005895,5.135267644,-1.04
PPS,9.968714221,20.81208984,8.379441309,-1.49
PQL,12.51038541,11.35666124,8.633433706,-2.82
PRD,11.90307218,10.57047398,9.159207279,-1.57
PRE,12.30149936,11.21628634,9.289391174,-2
PRH,13.00066512,10.18668472,5.053808877,-1.46
PSD,12.15104221,10.13669525,10.53729721,-1.9
PSY,11.34497071,10.66073411,7.699115764,-1.6
PTF,12.77812662,11.13273012,9.218737649,-2.45
PTI,11.49057184,10.61777955,8.043764568,-3.09
PTK,13.41489798,11.55757675,6.080071801,-2.29
PTM,12.52476843,12.36436369,6.888276091,-1.41
PTP,11.62821386,10.32033585,6.594189283,-1.05
PTQ,12.08490192,10.0272608,6.905614718,-2.44
PVL,9.905710294,12.13930327,5.917887903,-1.26
PVY,13.73250367,10.2480371,5.970507328,-2
PYH,14.43932922,12.92723995,8.486474948,-2.27
PYV,11.70314793,10.6956508,6.363808773,-1.52
QAF,11.91498649,11.52967676,5.951357032,-2.51
QAI,12.13355916,10.93039482,4.799295327,-1.59
QAL,11.72367544,10.08487814,5.379707439,-2.25
QAN,9.588300901,12.0687069,6.104613706,-2.27
QAR,12.00493176,10.48200188,7.445749862,-1.6
QCA,11.56699562,11.42378251,11.02497848,-2.08
QCG,13.4203989,11.9529138,10.5696586,-1.84
QCI,10.82157806,10.45394886,6.155889463,-1.98
QCM,14.36202969,13.85853744,11.66024281,-2.38
QCQ,16.30754312,10.90183117,6.33946165,-2.41
QCV,12.41882277,11.15101865,8.882581554,-2.57
QCW,16.34590381,11.73276252,5.302001887,-2.12
QCY,13.27883232,11.43175496,5.508691291,-1.87
QDD,13.44662411,11.64819373,4.537011251,-1.61
QDE,12.29151659,10.00112525,12.05388412,-2.01
QDF,14.86767248,12.7066327,8.065813193,-2.76
QDK,13.09009333,12.45437262,7.709592683,-2.45
QDL,10.97630216,10.94577868,9.552342319,-2.38
QDV,9.835820806,12.5468208,7.764834185,-2.18
QDY,16.58183171,12.40380344,6.401115312,-2.21
QEF,14.26379415,10.22732712,6.327241147,-2.35
QEI,11.52039365,10.101754,5.323567965,-2.86
QEK,13.60271936,12.40844182,9.545650847,-2.38
QEP,13.45978636,11.55001291,7.660882457,-2
QEQ,13.46081076,10.11452758,7.370750247,-1.73
QET,12.93677365,12.56793259,5.942165381,-1.94
QEV,11.36575042,11.108679,8.418148716,-2.32
QEY,14.10236344,12.36620315,6.897450998,-2.42
QFM,11.83228671,11.46877637,6.543154471,-2.72
QGG,11.59824579,10.48009757,5.551313655,-2.36
QGL,15.6567975,12.03877961,5.536070316,-2.05
QGQ,13.20606804,12.08902171,4.495988985,-1.74
QGY,15.08052578,11.72994211,6.128454737,-1.9
QHD,12.07691276,11.2875642,7.598870329,-2.19
QHK,12.80838056,12.4482832,8.216797728,-2.32
QHN,12.83065985,12.51330108,7.623555082,-1.87
QHQ,12.78589575,11.40569071,7.123692942,-1.99
QHS,12.18105093,11.66955388,6.247157567,-1.56
QHY,14.33913414,10.61067134,7.310175144,-1.36
QID,12.18837642,10.77384916,6.115211353,-2.25
QIK,14.45515038,14.40239427,7.714812381,-1.89
QKA,12.5736912,11.74080796,5.828391565,-1.51
QKC,13.66933894,12.61828203,7.369552165,-1.54
QKD,13.63447905,12.9077531,5.809124025,-2.21
QKE,13.37510681,10.95242458,6.810909726,-1.96
QKK,13.70182612,11.5391175,6.11965164,-1.53
QKV,13.96368514,12.47495769,7.851377978,-1.83
QLA,11.61898168,11.07560765,5.844261035,-2.5
QLG,11.92443217,11.00701635,7.869593826,-2.11
QLQ,13.01457053,10.60393963,5.337407234,-2.22
QLS,12.80254437,11.42289736,8.782855601,-2.35
QML,14.59960893,11.29876686,6.177827716,-2.3
QMN,13.48012381,12.99832023,7.009145047,-1.7
QMQ,13.74526435,12.80127707,7.020259867,-2.22
QNF,11.57520989,10.10599434,7.005087266,-1.86
QNG,12.81791579,11.54679217,6.341448375,-1.34
QNI,12.35198239,10.54374017,5.836612049,-1.8
QNN,13.39919113,10.27432808,6.934488809,-1.91
QNQ,12.3684265,11.23376144,6.802320003,-1.77
QNY,17.819427,10.77389364,7.115883972,-2.08
QPG,9.855626123,10.34986302,7.231925111,-1.3
QPN,9.94547264,13.90408364,9.437441174,-1.88
QQC,12.62902586,11.86137397,7.515607565,-1.84
QQD,12.92633714,10.75463684,6.516014445,-2.24
QQF,13.312102,10.06641686,6.969876727,-2.75
QQG,12.05642031,11.07380865,7.63074239,-1.57
QQI,13.27247236,11.08272416,6.837741049,-2.58
QQL,12.86784982,10.87409874,5.870743521,-2.36
QQM,13.03719054,12.68599542,6.410548178,-2.41
QQN,13.40030098,10.12609482,5.451782892,-1.62
QQQ,12.94362888,12.4145971,5.944738993,-1.98
QQT,11.53459461,11.20205454,7.153844564,-2.26
QQY,15.66364501,10.48372258,7.993006895,-1.39
QRQ,14.86731201,11.38839573,4.080319595,-2.03
QRR,15.032209,12.00441017,5.349362076,-2.05
QSE,13.13103664,10.03592051,9.520327718,-1.97
QSI,12.60919744,11.68904344,9.317148221,-2.53
QSK,15.72721067,10.9738059,5.115896599,-1.7
QSR,14.8091683,11.79146454,7.148434897,-1.92
QTK,14.97118511,10.88059274,5.856346435,-2.23
QTV,12.20491884,12.18183528,5.45877947,-1.98
QVE,15.11249894,13.32941176,4.78263122,-1.75
QVS,12.45131134,12.03621787,8.618952597,-2.04
QVT,12.08848724,10.55973055,7.977924253,-2.37
QVY,12.69205946,10.40223868,6.658535115,-2.28
QWG,13.2617267,11.62778627,7.276484596,-1.52
QYA,14.54625583,12.70225969,7.276116995,-1.91
QYF,14.80840914,10.22760856,7.067197824,-2.34
QYG,13.83617958,10.78294724,6.672645722,-1.99
QYS,13.87957992,12.64647641,8.311583939,-1.91
QYT,12.82728847,10.67443203,7.234328379,-2.09
QYY,16.16138813,10.00409314,6.545353046,-2.32
RAA,12.53391065,11.66809757,9.078356032,-1.98
RAH,12.51988011,12.09358248,6.655628136,-2.63
RAK,17.73397849,10.31056795,6.362447162,-1.53
RAS,13.08908603,10.96659157,7.04124255,-1.42
RAT,14.44679605,10.00180455,6.860466513,-2.31
RCA,13.13810414,12.10480544,6.757472578,-1.67
RCD,15.89509504,14.16356723,6.351307941,-1.8
RCH,13.77604799,11.05576428,6.547396466,-1.43
RCN,15.45695458,11.7907148,7.357118556,-2.06
RCT,14.78631263,12.30113271,5.411225416,-2
RDP,15.64991095,10.25093552,6.37843906,-1.34
RDS,15.19314201,10.83676803,4.041961419,-1.87
REA,14.84206202,14.13396482,7.074611096,-1.97
RED,14.31849075,13.88856131,8.984063093,-1.92
REM,16.40497907,11.61175678,6.635278098,-2.16
REV,14.0186287,11.72006727,6.941757719,-1.77
RFC,13.63363421,12.64280615,3.445720643,-1.53
RFH,12.68466252,10.94215537,3.564630025,-2.62
RFT,13.79650239,12.13507232,7.596915885,-2.4
RGE,19.25398685,14.75151586,5.749376352,-1.73
RGI,16.29981708,13.6615062,5.870271476,-2.41
RGL,14.20953346,10.88035531,4.171302546,-2.61
RGQ,17.52725849,16.36961966,7.245573957,-1.59
RGV,16.04139821,12.09528407,4.544772713,-1.95
RHA,15.42934169,13.1732785,8.174414091,-2.03
RHE,13.06976512,12.23671628,8.284408916,-1.84
RHT,12.72188657,12.66761543,9.321374387,-1.46
RHY,15.10370327,11.98870935,7.891012763,-1.23
RIE,14.30624296,12.74592747,5.878315243,-2.1
RIR,16.27232175,11.43799359,4.094959254,-1.94
RIV,12.75432789,10.35256147,11.39534179,-2.77
RKK,15.80988997,10.01830742,7.787093773,-1.8
RKM,15.34127575,12.83846104,5.571594498,-1.91
RKQ,15.48785524,12.10785288,6.02030236,-1.91
RKR,14.42822508,14.13642302,8.042049537,-2.24
RKS,14.58192153,11.24010688,5.462346453,-1.63
RLC,14.08254435,11.53306432,6.674668471,-2.57
RLI,12.44834039,12.01545882,7.134286209,-2.7
RLK,12.33045097,12.2845332,6.263319205,-1.98
RLL,13.28495072,10.37721135,6.36800911,-2.89
RLS,15.12481016,13.78279516,6.722886936,-1.9
RLV,11.5578738,10.85054228,6.440352562,-2.41
RME,13.62543177,12.18569671,5.136311693,-2.76
RML,15.1509292,14.32510916,4.447968033,-2.46
RMN,14.77192094,14.72630072,5.797778223,-2.64
RMQ,13.88429989,11.79182304,7.399664414,-2.55
RMR,15.48922407,12.88124974,5.834861774,-2.03
RMV,14.05602622,12.52123007,5.264138618,-2.61
RND,15.40813532,10.10426463,5.09238249,-1.74
RNE,15.50299249,12.83172281,7.021787685,-1.73
RNH,15.50873065,10.41117495,8.106323474,-1.74
RNM,14.60382257,12.53851388,5.857918319,-1.92
RNR,17.17309874,10.9367701,5.266251525,-2.04
RNS,15.74362716,13.1432589,6.664030631,-1.85
RNT,14.99175486,12.59298908,7.732517214,-2.02
RPA,13.92334332,12.17806399,6.70568568,-1.59
RPC,9.081416077,13.21370398,5.730711347,-1.71
RPD,13.98355915,12.07093166,7.844442854,-1.9
RPE,12.11195641,11.77204131,6.006583799,-2.11
RPI,14.40686632,12.36050277,6.071109685,-2.11
RPK,12.73450649,10.07243434,5.756790546,-1.97
RPL,15.25610612,10.6281365,6.720009501,-1.74
RPV,13.2733172,11.11450888,5.879157128,-1.97
RQA,16.01010041,12.63026003,7.633326523,-1.67
RQC,15.36676825,10.14694197,7.403493197,-2.04
RQK,14.71833274,14.49501941,5.687881189,-1.66
RQM,14.83894616,10.47970626,5.792364192,-2.72
RQN,15.16823253,11.14379336,4.853260349,-2.05
RQT,14.4424607,11.00677533,5.407507191,-2.11
RRC,15.35509666,11.36460461,4.82183517,-1.63
RRG,16.92994487,13.70027005,4.151579024,-1.54
RRI,17.69081125,16.61538436,5.723302519,-2.41
RSA,14.06160517,11.94369575,4.798987229,-1.7
RSC,13.70642434,10.87570497,6.952770256,-1.75
RSD,12.80191231,11.94854187,6.384449245,-1.86
RSH,14.2204836,13.18964764,8.0646739,-1.44
RSM,16.84080627,10.88092081,6.41947507,-2.02
RSN,13.06066628,12.29847041,8.228779277,-1.98
RSR,17.85984386,13.46120839,7.516108151,-1.59
RST,14.69206585,10.20848104,6.850934615,-1.52
RTC,15.11479288,11.43419417,5.49225728,-2.12
RTD,15.04436201,13.54063818,6.646847304,-1.95
RTI,14.31356267,11.00239133,5.827546183,-1.68
RTK,19.8539154,10.80860959,7.464733393,-1.88
RTN,13.77609857,13.01107477,4.827107307,-1.94
RTT,14.46480874,12.72298037,7.29478786,-1.74
RTV,13.52990343,10.58743566,6.045129761,-1.82
RVD,15.83390726,11.82628121,8.094703674,-2.44
RVI,13.08976286,11.08654793,4.752683719,-3.16
RVP,14.56664262,10.36058022,5.676054897,-1.58
RVS,15.18140911,14.66276828,7.170849213,-1.79
RWN,14.65611955,12.93054953,3.714907796,-2.74
RWR,15.45450207,14.17784384,4.013928849,-1.91
RYD,13.33688028,12.58266618,9.241332673,-2.16
RYE,15.87613712,13.68463147,4.254982817,-1.86
RYK,16.3236959,15.68248176,7.771371199,-2.21
RYQ,12.81433327,10.55919751,6.115270936,-1.7
SAE,9.866352417,4.218613215,1.537873611,-2.1
SAG,9.822410883,2.841290585,3.593002553,-1.64
SAK,13.47280411,10.09950031,4.111079394,-2.33
SAM,9.918746609,22.40981941,7.895903454,-1.05
SAN,9.543348182,5.58022134,4.365835326,-1.49
SAP,9.589811221,24.86957347,7.550520227,-1.28
SAQ,9.460899628,5.399532949,4.532577434,-1.76
SAS,9.825303418,3.452657801,1.390332708,-1.42
SAT,9.666591529,4.556806186,5.742111833,-1.59
SCC,10.09537528,10.01355158,5.794363229,-2
SCL,9.468280032,12.22319164,11.55115753,-2.64
SCS,9.918019545,20.76567932,5.421541331,-1.49
SCW,11.54203411,10.37218035,6.903758427,-2.66
SDA,9.79591183,3.815773556,3.802784108,-1.74
SDG,9.683591717,5.438951541,8.098983677,-1.65
SDI,9.804169092,13.42355428,5.001102446,-2.93
SDL,9.547718352,8.537571169,7.697531414,-2.81
SDP,9.533593517,7.602331954,7.539822147,-1.62
SDR,14.58725487,12.33814124,6.937345286,-1.93
SDS,9.676121604,5.487230489,7.826732211,-1.65
SDT,9.883272989,10.19069796,4.974312315,-1.55
SDW,11.24954681,10.88889294,6.468965124,-2.33
SDY,13.36957522,12.16268133,6.746516835,-1.08
SEA,9.787562157,11.15843908,19.88680129,-1.59
SEC,9.90478854,4.669932298,5.307711998,-1.86
SEF,12.18138875,10.09137872,5.875532568,-1.75
SEG,10.51338255,10.22092184,6.4172042,-1.65
SEK,13.77023902,11.74869297,9.695890692,-2.19
SER,13.19959444,10.54742187,6.270964639,-1.06
SFC,9.725872903,11.47778918,8.004488027,-2.01
SFD,9.990403175,13.80195231,7.163423192,-2.64
SFL,9.843245715,18.11311463,7.14931694,-1.88
SFN,9.781863283,8.037284734,7.737719835,-2.06
SFV,9.972117999,20.99072295,6.997168178,-2.44
SFY,13.454057,11.62268949,8.921274332,-2.75
SGK,13.77840402,13.27079615,5.116886688,-1.49
SGQ,12.41653073,10.21323122,6.802508662,-1.85
SGR,13.95450894,12.04595247,7.378739575,-1.42
SHG,9.816706542,15.7190618,5.550060815,-1.63
SIA,9.547484866,11.2684185,2.950473623,-1.83
SII,9.842838898,21.72782677,6.425312719,-2.7
SIK,12.98770833,12.63740552,7.908132537,-2.41
SIT,9.786153255,6.98050412,7.962816324,-2.39
SKC,10.7925671,10.00636498,10.55742797,-1.59
SKI,13.03736816,10.01293216,7.477705283,-2.92
SKK,14.31400051,11.35052113,7.9098355,-1.46
SKY,14.70420661,10.68613155,6.882438073,-1.77
SLC,9.460334777,21.23990211,6.252243572,-2.05
SLF,9.519992558,22.15876091,6.881178156,-2.14
SLG,9.323029527,12.17826874,9.328493528,-2.26
SLH,9.976896946,12.75722355,9.892071038,-2.48
SLI,9.366818066,24.380479,6.965438565,-2.52
SLL,9.365688537,21.22575734,7.472725649,-2.23
SLN,9.823653362,6.544140972,6.64070226,-1.95
SLP,9.695061363,10.32788131,6.377670199,-2.45
SLT,9.791692116,4.287653441,5.353939825,-2.18
SLY,13.08285254,12.18668804,9.479170449,-2.98
SMK,14.41163324,12.6772689,9.801946628,-2.31
SMQ,11.82947029,10.00172634,7.287871219,-2.07
SMV,9.688733235,5.873341584,5.754048245,-1.9
SNF,9.767593194,11.05855704,6.070597827,-1.93
SNI,9.593992894,16.27276426,6.298795275,-2.31
SNM,12.26219356,11.41068018,6.029347535,-2.63
SNR,13.47716819,10.89497306,7.076396745,-1.36
SNT,9.922562528,6.788961435,8.555230718,-2.55
SNY,10.83055967,10.43571572,4.303954316,-2.1
SPC,9.952200466,21.97376414,7.416543133,-1.42
SPF,9.491062369,10.97319863,4.590930249,-1.78
SPG,9.408106399,13.62613503,6.47453448,-1.2
SPI,9.181233814,13.80801459,5.453943456,-2.59
SPP,9.200198719,14.85413693,9.418097633,-2.6
SPQ,9.836655684,15.44065796,5.930748927,-1.28
SPS,9.586036954,31.25181263,9.508299124,-1.11
SPT,9.335012866,23.16451211,7.286475726,-2.23
SPV,9.719883845,9.071641624,7.307995076,-2.68
SQA,9.766853541,5.946402799,5.54390051,-1.58
SQK,12.95600189,11.4113663,9.299594366,-2.36
SQP,9.823269585,10.88508278,7.685576833,-1.95
SQY,13.8509329,13.54916049,7.734004618,-2
SRA,12.07051588,10.12859376,6.774148635,-1.41
SRK,15.13784852,14.0722755,6.217438497,-1.53
SRN,12.58080351,11.21166905,5.367931572,-1.63
SRS,11.99723794,11.80990512,6.142584573,-1.59
SRW,14.4384249,14.32587398,4.778235342,-2.14
SRY,13.65028537,12.54059354,6.671665516,-1.96
SSA,9.551549711,3.769104771,6.868141927,-1.61
SSH,11.03198862,10.25615743,6.195166522,-1.61
SSL,9.799616374,28.7137467,10.22716953,-2.54
STF,12.53258965,11.28077544,7.610846311,-1.99
STQ,13.65150806,12.92976115,4.368906621,-2.26
STR,11.88797965,10.21498323,6.648235186,-1.96
SVA,9.842663214,4.319281266,8.132379888,-1.65
SVG,7.957756318,2.322117072,3.402690529,-1.57
SVP,9.738121771,10.077735,6.102485868,-2.23
SVY,13.62863099,12.98621442,6.011154358,-1.69
SYD,12.87879491,11.06022584,9.711333671,-1.75
SYG,11.57664611,10.73736127,8.139722325,-1.8
SYI,11.80460755,10.8274898,7.735284207,-2.07
SYM,11.78012329,10.82598601,6.723558468,-2.12
SYP,9.7317383,18.46318398,8.525262469,-2.23
SYY,12.25742606,10.27067257,7.216338129,-2.04
TAA,9.1194596,5.438343174,9.763290465,-1.3
TAF,12.29714041,10.14481409,5.782484555,-2.94
TAH,9.826087393,30.09680325,8.771438799,-2.03
TAI,9.86268004,26.94383731,8.35719799,-2.64
TAP,9.637717777,9.236879569,10.9879168,-1.34
TAS,9.617119482,3.780666967,3.279232225,-2
TAY,14.44823024,10.29640259,5.457675952,-1.67
TCG,9.604621896,5.941820295,7.293519893,-1.87
TCS,9.745181005,5.668047375,1.980533911,-2.66
TCV,10.55920279,10.38317965,3.977541596,-1.93
TCY,13.64006498,11.58458024,7.54432894,-1.74
TDF,12.79698355,12.22657097,10.22295928,-2.45
TDG,9.787151993,6.060186569,7.611296438,-1.54
TDM,12.0926123,10.68212121,5.416198873,-2.27
TDS,9.928591347,4.777478171,3.491443005,-2.13
TDT,9.980855166,7.265261146,4.761463211,-1.75
TDV,9.937120247,6.777171031,7.672849545,-1.99
TDY,13.97787436,12.86930712,5.362916898,-1.28
TEF,12.07094293,10.81086605,6.322661085,-2.04
TEH,10.74215136,10.07403373,10.62894748,-1.81
TER,14.93341176,11.34648881,8.597783186,-1.99
TEW,13.37609094,11.61622386,6.951448527,-3.13
TFE,11.97525605,11.81383178,9.900429408,-1.72
TFF,11.8260864,10.45732228,6.389304255,-1.97
TFK,12.99443962,12.62982054,7.364643632,-2.26
TFM,10.95660096,10.76544043,6.962724826,-3.09
TFQ,12.59741441,12.03958507,7.646728124,-2.35
TGI,11.65693374,10.7391985,6.180549199,-2.83
TGK,13.98515113,10.90398551,6.085176212,-1.21
TGL,9.056783368,12.7495195,6.038709503,-2.42
TGM,12.94905706,11.30935615,5.822622835,-2.43
TGP,9.933281481,18.03158694,5.42995688,-1.37
TGQ,12.6228246,10.80059814,6.755892458,-2.1
THA,9.750190067,7.478469963,11.28741783,-1.69
THE,12.65902888,10.4194395,3.411668823,-2.33
THG,9.77156957,13.60126286,6.377256352,-1.54
THP,9.772500663,23.64568616,10.20680481,-2.35
THQ,11.73222329,10.31944097,11.82018302,-1.9
THT,9.895477406,14.83451311,5.101072497,-1.71
THV,9.984893319,11.0461914,10.42576482,-2.22
THY,13.86716327,11.46140331,6.672677383,-1.21
TIC,9.89485082,13.30371396,5.319268306,-2.3
TIG,9.417672213,13.57961614,5.979852218,-2.23
TIK,13.34839543,10.85679714,8.047896304,-1.94
TIY,13.45791427,10.52573611,6.592521468,-1.82
TKK,15.59016938,11.55041406,7.12735295,-1.84
TKM,12.44725406,11.0222134,6.616153199,-2.4
TKS,11.94539709,11.13553397,8.605810397,-1.59
TKT,11.87873015,11.4628785,6.67362438,-2.09
TKV,11.31719386,10.38450042,5.615815572,-1.49
TKY,13.60925404,10.28932147,6.11989607,-1.47
TLD,11.04585636,10.82815022,10.62174641,-2.52
TLE,10.84439902,10.43614635,8.842981849,-1.87
TLI,9.972719598,15.65099929,6.526188292,-1.39
TLP,9.559045414,27.88071038,60.42472575,-2.54
TLS,9.509809934,8.779882875,8.354500213,-2.13
TLV,9.460901467,13.93521145,10.20643,-2.68
TMI,11.45384314,11.4164665,7.227033622,-3.07
TMK,12.33644593,10.90956844,5.495538669,-3.09
TMN,11.61315126,10.5680378,7.111140502,-2.4
TMP,10.3297281,10.2926115,7.165608857,-2.12
TMQ,11.67393305,11.31484824,6.547573711,-2.09
TMR,14.57381208,10.8953118,6.176935526,-2.4
TNG,9.940576303,4.694162807,5.028301763,-1.81
TNH,10.4274464,10.2687289,11.51875669,-1.97
TNL,9.96568433,9.88895786,7.496581377,-2.63
TNM,10.64515365,10.48736424,7.190121659,-2.74
TPA,9.337080853,8.014420861,4.532538027,-1.64
TPF,9.932311528,20.80392884,6.774284303,-1.33
TPG,9.182890942,11.38191169,5.8892552,-1.78
TQA,9.769897261,6.304244037,7.789137628,-1.83
TQP,9.71749414,9.290462267,9.020917675,-1.43
TRD,12.8682985,11.98657541,7.234649509,-1.83
TRE,13.16789053,11.13121648,7.365919957,-2.2
TRY,13.4323909,13.03349988,6.399253276,-2.16
TSA,9.752217089,4.903909578,7.66267835,-1.59
TSP,9.932755746,24.67163505,7.687697525,-1.47
TTA,9.856674101,3.395010924,3.679977631,-1.95
TTG,9.963915572,13.74707444,5.591370783,-2.21
TTS,9.996600391,70.2774031,283.159065,-2.78
TVA,9.795573758,2.606651358,2.407880713,-1.57
TVS,9.659608988,15.34194295,4.731711047,-1.7
TVW,9.710319205,9.704064706,6.666676512,-3.15
TVY,14.35160067,10.54550049,6.024575542,-1.62
TWA,11.12559534,10.80050695,8.866842053,-2.24
TWM,13.46032939,11.01744361,2.815365481,-3.3
TYA,12.42104679,11.8272195,8.325492621,-1.86
TYI,13.18891516,11.93603871,8.758527022,-1.94
TYL,12.42781613,11.02514787,8.913339198,-1.96
TYM,12.39240781,10.38702425,7.244090977,-2.45
TYS,12.20275033,10.84167539,7.719460571,-1.59
TYW,15.64844479,10.96956165,13.86905827,-3.19
VAA,9.787364731,9.392597444,15.69081138,-1.55
VAI,11.05185293,10.05538655,8.753697017,-1.65
VAR,14.20499399,12.29016425,5.657069297,-1.93
VAS,9.781439398,26.98580181,6.524957136,-2.23
VCC,9.808494442,15.96358103,5.080804585,-2.17
VCY,12.28120156,10.59317795,6.216652365,-2.32
VDA,9.921953879,5.327012284,5.326296601,-1.62
VDL,9.858209433,7.835565132,7.16697016,-3.2
VDR,14.34149743,13.42319754,7.039848509,-2.12
VDS,9.494436036,3.898045002,2.732863608,-2.34
VDY,15.20809916,13.11676926,6.672397747,-1.86
VEK,12.62211497,10.24678621,7.757360813,-2.18
VEL,9.973627971,16.63124896,6.498567867,-2.48
VEY,13.44101844,13.16024862,5.390563825,-1.9
VFV,10.98814817,10.09069899,6.858296372,-2.91
VGC,9.087172872,24.28119116,10.24973704,-1.24
VGI,11.62575439,10.67273848,5.687564587,-3.05
VGL,11.93167207,11.64475792,7.42603452,-2.99
VGN,11.37363993,10.24061307,7.744738098,-2.22
VHR,16.40373276,15.09615253,6.394934382,-2.68
VHT,9.668747636,30.4885955,9.580792791,-1.94
VHY,13.90762303,11.32038273,5.737204034,-1.68
VIF,11.97060322,11.70416298,6.547644485,-2.26
VIK,12.48692625,10.94933435,5.546141152,-1.91
VIN,10.65722994,10.32922857,4.778196102,-2.04
VIT,10.1540077,10.06375538,7.551173279,-2.65
VIW,13.60949587,11.5026677,23.62256307,-3.32
VKA,11.37194134,10.75805087,9.218536219,-1.92
VKD,11.55315506,11.48990273,6.225723316,-2.14
VKY,12.9033062,11.6835895,6.339744288,-1.54
VLA,10.95594494,10.74751695,9.382031503,-1.78
VLC,9.39699409,12.29409299,10.26096655,-1.96
VLD,9.851436803,14.00228653,6.272631627,-2
VLK,12.9665406,11.86925585,4.599870242,-2.91
VLL,9.558380349,18.14994101,6.971858531,-2.92
VLP,9.755071842,16.27905918,7.973986243,-1.83
VLQ,11.03556033,10.04776507,9.87557217,-2.63
VLR,15.39677455,10.21695774,8.415752698,-2.04
VLS,9.835223124,20.19603889,6.406023547,-2.2
VLT,11.45620105,11.07571434,7.617818849,-2.46
VMQ,13.11663722,11.39057658,9.813345785,-2.52
VMT,11.22380739,10.22516563,6.348057829,-2.77
VNI,11.04922437,10.30459184,7.251536021,-2.03
VNL,11.77717242,10.34280281,7.527621384,-2.32
VNQ,12.72298235,11.60220235,5.902027709,-1.36
VNR,13.80471584,10.73431842,6.137724047,-2.4
VPA,9.814639079,23.80544169,6.129894685,-2.45
VPD,9.639183258,16.85470121,7.312400021,-1.3
VPG,9.397861274,12.05363095,7.841090934,-2.32
VPM,11.94518516,10.64002208,7.201658299,-1.32
VPP,9.620110528,17.64069108,4.74340444,-2.09
VPS,9.954570016,16.57126295,6.27769728,-1.93
VQF,13.59376987,13.50220718,5.173253707,-2.61
VQG,10.28783167,10.0939848,4.6788246,-2.11
VQK,13.03985775,11.65969606,5.996234648,-2.62
VQP,9.474686408,22.07194136,8.810018986,-1.39
VQR,14.73568514,10.74857444,6.903747634,-1.79
VRD,13.21896598,10.16500748,8.436508508,-1.75
VRT,12.32475533,11.85098618,7.439698575,-1.72
VSA,9.739405464,6.144525149,9.240568004,-1.41
VSL,11.12735771,10.95902036,10.21352597,-2.99
VSR,14.28817953,12.05432056,4.979276165,-1.54
VST,11.53582346,1.598121674,1.043629464,-2.77
VTF,13.43785824,13.09762122,8.224658343,-2.32
VTK,11.64013785,11.58433348,6.449715184,-1.7
VTR,12.75694398,11.84029802,7.21300113,-2.71
VTS,9.850458763,6.919103651,8.858632632,-2.46
VTV,11.92110528,10.6076367,10.00857355,-2.73
VTY,14.42203289,12.14699244,6.153804776,-2.44
VVA,9.920287595,7.423517597,8.564132548,-2.31
VVG,9.154513401,16.57658431,10.48695969,-1.77
VVH,12.83382547,12.4374024,5.287434233,-1.71
VVQ,13.48439542,12.39480144,6.549080104,-2.44
VVR,14.79587185,11.19413478,5.61027888,-2.08
VVV,11.32997968,10.18210675,5.03141543,-3.21
VWG,11.15632537,10.57146526,5.48580225,-2.22
VYK,12.61123444,10.77401613,8.062246213,-2.4
VYL,12.29229912,10.27930834,6.106917025,-1.84
VYR,14.70331055,14.17700313,7.02147443,-1.85
VYS,12.589827,11.2600209,9.301055018,-1.65
WAF,13.21963517,12.83963941,5.779194251,-2.48
WAP,11.83943477,11.8152707,4.85016829,-2.26
WAT,12.33878729,10.64237854,7.299857053,-2.43
WCA,12.06885731,11.63525991,6.639219512,-3.21
WCC,13.3388457,12.44827061,7.033473996,-1.95
WCI,13.51206501,11.78068686,5.953785885,-2.19
WCP,12.34764048,10.97790096,4.557187481,-2.15
WCQ,12.01657587,11.6598567,5.479926029,-1.92
WDM,15.18037268,12.42612541,4.775722625,-1.79
WEE,15.57241342,12.07857433,5.502177154,-2.64
WEK,13.01318848,11.86180062,6.872940273,-1.67
WEM,12.98118618,10.85184914,4.893693788,-2.47
WEY,13.40203332,12.63467949,6.375503023,-2.37
WFH,14.90139465,10.96540966,6.601479651,-2.43
WFQ,13.79199256,10.22691327,7.800037482,-2.96
WFR,15.02795036,11.01026576,6.629383464,-2.56
WFS,13.70346318,10.13042275,6.350787563,-2.52
WGA,13.23141913,10.16361406,6.013152177,-2.48
WGL,14.43097111,12.74147278,3.640268093,-2.54
WGM,17.2413645,16.16777745,5.70002554,-2.39
WGP,12.89206252,10.60171631,4.707912202,-2.06
WGS,14.57772474,14.0589291,14.96327268,-2.05
WGV,14.82516204,13.01894929,4.114729095,-2.98
WHD,12.81393561,10.66987623,7.354082156,-2.21
WHM,14.56471617,12.47092716,5.59081952,-2.64
WIH,14.63589074,14.27717666,6.528158115,-2.12
WIP,13.38533232,11.51917345,5.755324283,-1.92
WIS,12.09750461,10.00365448,5.127633147,-2.7
WIW,12.73937767,10.04313497,12.86826123,-3
WKM,16.93202711,11.60727773,4.176162553,-1.85
WKT,12.90252166,10.11505115,5.27999781,-1.97
WLI,12.28252293,10.84859355,23.08171425,-3.53
WLP,9.679955786,7.028436103,4.364253875,-2.74
WMR,14.1444269,11.8088983,3.930094749,-2.93
WNG,11.20905878,10.59253446,11.66206556,-2.58
WPA,12.62937901,10.64361781,8.495482577,-1.5
WPE,13.36052066,10.19819501,6.645118348,-1.94
WPH,12.86333164,10.91850078,4.662211955,-3.51
WPI,13.96773419,11.42954595,3.637109954,-3.17
WPN,13.58324848,11.92378361,5.475672632,-1.82
WPQ,12.35874437,11.72107915,5.20536352,-1.48
WQC,14.20147909,13.8045373,5.268082038,-1.86
WQD,13.48477316,11.10217178,5.866536955,-2.36
WQP,14.0059503,10.29689022,4.710953182,-2.71
WRA,14.65899065,11.07540093,4.11996382,-2.24
WRN,13.22747399,11.72148894,3.609675058,-2.25
WSE,15.11115074,10.92956562,7.170279136,-2.68
WSI,13.72667363,10.79742384,4.614066719,-3.25
WSN,14.76944476,10.48956047,14.40158557,-2.97
WTM,16.63266808,10.48926831,3.698211917,-3.1
WTT,14.76851396,11.53143045,6.464871917,-2.91
WTV,12.58622462,10.90408456,5.42037096,-2.93
WVD,12.77332748,10.74695729,6.818628383,-2.56
WVI,13.30671211,11.15750542,13.9137679,-3.16
WVM,16.06034453,10.28271221,4.299825976,-3.26
WWA,14.47440743,10.24436689,8.617466827,-2.75
WYD,13.66861604,11.03863283,5.951718786,-2.62
YAD,14.75514554,10.3663594,7.444084312,-2.18
YAE,16.76480467,15.13003414,8.353692592,-1.36
YAF,14.06433465,10.70239777,6.012529493,-2.36
YAG,12.13009744,11.19304259,6.929956666,-1.17
YAI,14.16341352,11.93014098,5.373858551,-2.04
YAK,16.40236762,11.24593082,8.291550525,-2.51
YAN,12.87397913,11.7765373,8.258391327,-2.25
YAR,14.06919496,12.29135881,5.93845153,-3.22
YAT,15.27725385,11.6601528,7.590463856,-1.85
YAV,14.27586135,11.92230205,7.261174882,-1.63
YAY,15.10732751,13.39190326,8.793625992,-2.2
YCC,13.1888962,11.27454032,6.224774916,-2.02
YCD,15.43271266,13.81910683,6.003554409,-1.29
YCG,14.12925748,10.71768642,7.093026022,-1
YCH,15.14905804,12.69912645,8.302755321,-1.92
YCK,18.271894,11.70922026,5.389970725,-1.93
YCM,14.35064442,13.03080108,7.964422878,-1.6
YCN,14.11133746,13.37711055,6.12721739,-2.19
YCQ,14.32630504,10.66404107,4.142959172,-1.55
YCS,14.75707957,10.48592075,6.227193455,-2.54
YCT,13.96127452,11.84586668,5.63496551,-1.42
YCY,16.603523,13.51997112,9.954016972,-2.04
YDC,14.93537217,10.95403908,5.802476821,-1.36
YDG,13.65841327,12.35867022,8.430819481,-2.51
YDH,14.27022898,11.50310496,8.324710435,-2.03
YDI,14.41159138,10.42882468,4.892044442,-2.87
YDK,15.8355643,11.78967405,7.222563165,-1.09
YDL,14.38430551,10.82394799,6.168525662,-2.64
YDR,13.61696987,10.21263385,5.311378118,-1.79
YDT,14.10974749,10.71883825,9.074390767,-2.2
YEA,13.96960986,12.92581864,11.24643064,-1.66
YEC,14.69969891,13.346115,8.559620429,-2.09
YEH,14.05190398,13.91476833,9.702635959,-1.89
YEI,14.49193423,13.01185107,8.293963516,-2.72
YEK,16.59393676,10.0068468,6.125633698,-1.69
YEN,13.86678571,12.56875011,7.606138076,-1.91
YEP,13.4464867,12.57665542,7.480997881,-1.95
YES,14.39224396,13.54261694,11.69295244,-1.74
YET,14.36979326,14.13066724,9.436250099,-1.65
YEV,14.66428567,11.70714367,6.203228955,-2.31
YEY,14.66367412,12.94910756,8.667807432,-2.03
YFA,13.93044198,11.86948228,7.723880467,-2.35
YFD,14.48004204,10.76342767,8.615869075,-2.57
YFE,14.86884005,13.64891111,6.532213821,-3.17
YFF,13.397924,11.45633471,7.455776139,-2.37
YFH,14.92107411,12.33512713,7.350457015,-2.81
YFP,14.46443682,10.77349429,5.76765366,-3.16
YFR,14.84844816,11.37887389,3.786256704,-2.52
YFY,14.75746671,13.1624179,8.921087447,-2.24
YGD,15.98347981,12.27059785,8.241680455,-1.62
YGK,14.98091412,13.68740778,8.417227121,-2.32
YGL,14.80071961,11.76089848,6.342047494,-1.84
YGM,13.84430844,12.37282942,4.887576379,-2.47
YGN,14.2413541,10.99307472,6.090570457,-1.7
YGT,14.42976587,12.50373875,8.394326819,-1.9
YGV,14.88795948,11.90256004,5.758851907,-2.66
YGY,18.07283355,11.55449911,5.220565954,-1.93
YHE,14.81184885,12.31422793,8.42064052,-2.04
YHG,14.33341842,13.08961747,11.6320711,-2.53
YHK,16.87789004,11.75293713,6.876431054,-1.96
YHL,14.63258327,11.29151114,7.505689705,-2.66
YHN,15.39647646,13.31067517,4.971929918,-1.83
YHP,14.3544089,11.26338001,6.243604115,-1.43
YHQ,15.61932986,10.92470894,6.46402442,-2
YHT,14.3155326,13.30626331,8.606701193,-2.41
YHV,14.45538443,11.52008292,5.963980249,-2.65
YHW,16.72823105,13.82123799,5.347827459,-2.73
YIC,13.89666569,12.37805173,5.086777418,-1.56
YID,12.81966663,10.51089052,6.100350009,-2.24
YIE,16.00378854,13.83400824,7.916858833,-2.44
YIG,13.05843614,10.26721473,7.461533332,-2.07
YIH,12.67919731,12.35039202,7.091536396,-2.85
YIP,13.47330157,11.6823036,6.14432251,-2.68
YIS,13.32385976,10.84484181,6.935407886,-1.78
YIV,13.85206049,10.54078955,4.619303384,-2.03
YKA,14.12017426,11.94967074,8.685700762,-1.22
YKC,14.20587399,11.94897134,7.201877116,-1.53
YKE,14.63686221,13.51881685,9.626537065,-2.48
YKF,14.90817145,12.58339765,6.452749733,-2.62
YKG,15.06591784,11.49667181,5.497411042,-1.38
YKH,15.63921492,10.94415757,8.618814207,-2.47
YKL,15.49147485,10.49700887,6.689235178,-2.24
YKM,13.36603977,12.04424179,6.032431996,-1.61
YKN,15.40384611,12.49465869,7.261077039,-2.58
YKS,15.11502803,10.3238141,6.862306898,-1.22
YKT,14.50279427,10.90624275,5.325623534,-2.13
YKV,15.51205184,10.49624448,6.230774309,-2.18
YKY,15.98247537,12.77668769,9.325017132,-2.26
YLC,13.75853735,13.10033305,11.93735146,-3.05
YLE,13.49136532,11.78998817,7.254759633,-1.76
YLF,14.2382368,10.18731517,4.533680047,-2.85
YLG,14.40555656,11.30379497,6.042011426,-1.7
YLK,14.11017939,13.51124398,7.373364004,-2.12
YLL,15.53734567,10.68374529,5.689627918,-2.23
YLM,14.76942073,12.43277231,5.889280682,-1.9
YLN,12.52627676,12.01986406,8.475896695,-2.13
YLP,13.0806402,12.26213345,6.568057722,-3.1
YLS,13.90113721,11.49432317,8.640490129,-3.09
YLT,13.77544138,10.6899052,7.192036824,-2.3
YLV,13.87851345,10.68351446,7.700159669,-2.99
YMA,14.25331557,13.17000636,5.817497426,-2.22
YMH,14.68777444,14.12556739,6.831745504,-2.95
YMR,17.30870591,10.59343653,6.458139411,-2.6
YMS,14.3495712,13.70429864,9.897198779,-2.39
YMT,13.95680739,11.25130337,7.515789095,-2.56
YMV,14.18416917,13.64719475,5.615882901,-2.59
YNC,14.3743225,12.36134253,8.350530479,-2.38
YNE,12.91908343,11.34047656,7.970383946,-2.27
YNG,12.33404631,10.72515875,7.101983263,-1
YNN,12.05490717,11.72389471,5.495843081,-1.99
YNS,14.96780941,14.17167904,6.414441657,-2.15
YNY,17.16036327,13.43741518,7.480822983,-1.83
YPC,14.08077784,13.82595023,7.020658092,-1.62
YPD,13.88539536,13.26033905,7.027383403,-1.86
YPG,13.53301473,12.22190177,8.844876393,-1.53
YPI,13.51071321,12.99586782,6.074902665,-1.94
YPN,14.49886746,14.22221241,6.80886504,-1.61
YPQ,14.75321604,11.05824072,5.033009955,-2.03
YPS,14.23117538,10.17929898,4.523744663,-1.21
YPY,14.68161738,10.27633412,7.805287749,-3.16
YQC,13.49647344,11.08050987,6.029968635,-1.5
YQD,15.62271279,11.81290437,8.946207686,-2.19
YQE,14.45055512,13.6528085,8.613345842,-1.97
YQG,12.72784463,10.20462598,7.980422421,-1.18
YQH,14.47625486,11.74964269,8.650514465,-2.97
YQI,14.17153671,11.98389934,4.367779015,-2.46
YQK,17.1465861,10.86752311,5.744936438,-2.09
YQL,15.77515486,12.83364335,7.895694371,-2.35
YQP,13.66497587,10.72726714,7.971305591,-1.54
YQT,14.91824994,10.23542428,7.208380487,-1.94
YQW,16.90645711,11.4140692,5.998187373,-1.89
YQY,18.47277143,12.85551085,8.2567059,-1.89
YRA,14.73243411,13.00495457,6.483357658,-1.28
YRH,15.40255473,12.30675699,8.420585218,-2.32
YRK,17.28799343,11.94461431,9.089012108,-2.43
YRV,14.65015766,10.2932873,4.264368197,-1.51
YSC,13.70230198,13.46593512,7.963650235,-1.15
YSH,16.27628243,14.759075,7.204024388,-3.01
YSI,15.473044,12.66630538,5.682862412,-1.84
YSK,15.71408719,13.92225981,8.758716953,-1.5
YSL,14.15176423,11.97807694,8.054510995,-2.66
YSN,14.33044051,10.72871234,7.309410509,-1.59
YSP,14.57788084,12.61593471,8.729412987,-1.72
YSQ,14.33168364,10.11888939,6.492743303,-2.33
YST,14.13204909,12.12009532,5.528101816,-1.52
YSV,14.95328918,13.43827809,9.705585676,-1.73
YSW,18.65488877,11.81872836,16.41759201,-2.75
YTA,15.12285226,11.8338931,10.48165465,-1.84
YTF,14.70268947,11.50510924,7.160920799,-1.85
YTK,16.98624648,12.95349911,7.07130613,-1.5
YTL,15.79428069,11.56376422,7.229205637,-2.64
YTQ,14.24622065,12.26343506,6.794911975,-2.83
YTR,17.62314515,11.89493914,8.156945302,-1.89
YTS,14.07854292,12.23864956,5.601309639,-1.69
YTT,14.50440119,10.50325583,7.331880037,-1.87
YTV,14.77120898,12.88159847,6.229403112,-1.66
YTY,17.57031811,12.48906119,7.569597215,-1.95
YVA,13.19671519,12.20182616,6.8073041,-2.41
YVC,14.07942997,12.06793034,9.377723824,-1.95
YVD,13.34681113,11.82933159,7.777493519,-1.95
YVG,14.12349478,10.30354823,7.103709443,-1.17
YVI,14.17807175,10.88847824,4.969991868,-3.06
YVP,13.68593967,12.51771076,4.794425694,-1.99
YVQ,13.17717174,10.98633434,7.085666306,-2.35
YVS,14.51201162,12.32121643,5.139026552,-1.89
YVT,14.0761894,10.96896473,7.696539706,-2.75
YVY,14.24539347,12.12709046,7.146702817,-2.83
YWD,14.09249944,10.34479717,7.048781154,-3.21
YWE,15.65168411,11.60463312,7.170475766,-2.74
YWF,15.7995119,10.3287463,4.930314752,-3.06
YWS,13.91203208,12.55147244,21.58649795,-2.84
YYA,13.71396834,12.93934234,6.5264274,-2.42
YYC,16.45444185,11.39911476,8.287013315,-2.88
YYD,15.953006,10.38647917,8.052304097,-2.6
YYF,15.80994732,12.31251384,7.944220585,-3.21
YYG,14.023847,13.57337531,9.147784888,-1.8
YYL,15.85488088,10.56654525,8.055434991,-3.05
YYN,16.27055597,11.19263883,9.483762874,-2.63
YYR,14.29630511,10.35158052,5.941275477,-1.96
YYV,15.56364924,10.76130555,7.382188371,-1.69
YYW,15.98498702,10.20929569,5.654794256,-2.23
